date,geo_security_events,geo_hostile_events,geo_avg_tone,archive_available,geo_hazard_event_count,geo_hazard_day,geo_security_events_7d,geo_hostile_events_7d,geo_avg_tone_7d,geo_risk_score
2024-01-01,1922.0,1546.0,-5.502184755189396,1,1587,1.0,,,,
2024-01-02,3114.0,2475.0,-6.29327707439752,1,2462,1.0,,,,
2024-01-03,3105.0,2379.0,-6.419049553404892,1,2360,1.0,,,,
2024-01-04,2978.0,2249.0,-6.213549295572934,1,2216,1.0,,,,
2024-01-05,2562.0,2028.0,-5.605055612028201,1,2005,1.0,,,,
2024-01-06,1882.0,1455.0,-5.805010974603785,1,1474,1.0,,,,
2024-01-07,2181.0,1676.0,-6.110985600335075,1,1671,1.0,17744.0,13808.0,-5.992730409361686,10.0
2024-01-08,3109.0,2361.0,-5.823441711017302,1,2326,1.0,18931.0,14623.0,-6.038624260194244,10.0
2024-01-09,2888.0,2268.0,-5.643508519789331,1,2294,1.0,18705.0,14416.0,-5.945800180964502,10.0
2024-01-10,2758.0,2151.0,-5.401584054729238,1,2146,1.0,18358.0,14188.0,-5.8004479668679805,10.0
2024-01-11,2786.0,2116.0,-5.280885913670377,1,2093,1.0,18166.0,14055.0,-5.667210340881901,10.0
2024-01-12,2581.0,1973.0,-5.59002008391557,1,1964,1.0,18185.0,14000.0,-5.665062408294382,10.0
2024-01-13,1975.0,1437.0,-5.601905074612443,1,1448,1.0,18278.0,13982.0,-5.636047279724191,10.0
2024-01-14,2338.0,1726.0,-6.360263673221719,1,1739,1.0,18435.0,14032.0,-5.671658432993711,10.0
2024-01-15,2731.0,2043.0,-5.3071544293332105,1,2067,1.0,18057.0,13714.0,-5.5979031070388405,10.0
2024-01-16,2711.0,2081.0,-5.512184225276891,1,2071,1.0,17880.0,13527.0,-5.579142493537064,10.0
2024-01-17,2554.0,1964.0,-5.19274308745326,1,1935,1.0,17676.0,13340.0,-5.549308069640495,10.0
2024-01-18,2537.0,1937.0,-5.250590912012324,1,1952,1.0,17427.0,13161.0,-5.544980212260774,10.0
2024-01-19,2258.0,1760.0,-5.364157854166501,1,1740,1.0,17104.0,12948.0,-5.512714179439478,10.0
2024-01-20,1912.0,1529.0,-5.6432301089593,1,1533,1.0,17041.0,13040.0,-5.518617755774743,10.0
2024-01-21,2028.0,1648.0,-6.017434835645712,1,1627,1.0,16731.0,12962.0,-5.469642207549599,10.0
2024-01-22,2318.0,1802.0,-5.3522927084939935,1,1796,1.0,16318.0,12721.0,-5.4760905331439975,9.998697110553149
2024-01-23,2713.0,2093.0,-5.502821800703222,1,2090,1.0,16320.0,12733.0,-5.474753043919188,9.999506164968889
2024-01-24,2630.0,1996.0,-5.457707865591704,1,2023,1.0,16396.0,12765.0,-5.512605155081823,10.0
2024-01-25,2408.0,1852.0,-5.095339063304415,1,1831,1.0,16267.0,12680.0,-5.490426319552121,9.99690272119011
2024-01-26,2446.0,1838.0,-5.362571669072687,1,1815,1.0,16455.0,12758.0,-5.490199721681576,10.0
2024-01-27,1978.0,1449.0,-5.564470017853781,1,1450,1.0,16521.0,12678.0,-5.478948280095074,9.995597188537456
2024-01-28,1911.0,1404.0,-5.5924566626538175,1,1404,1.0,16404.0,12434.0,-5.418237112524802,9.970094067489985
2024-01-29,2839.0,2130.0,-5.686342517191541,1,2089,1.0,16925.0,12762.0,-5.46595851376731,10.0
2024-01-30,2922.0,2229.0,-5.260431599760294,1,2249,1.0,17134.0,12898.0,-5.431331342204034,10.0
2024-01-31,2778.0,2120.0,-5.249272585043748,1,2121,1.0,17282.0,13022.0,-5.401554873554326,10.0
2024-02-01,2641.0,1999.0,-5.394250144147152,1,2001,1.0,17515.0,13169.0,-5.4442564565318605,10.0
2024-02-02,2310.0,1659.0,-5.242166440489717,1,1652,1.0,17379.0,12990.0,-5.4270557095914365,10.0
2024-02-03,1673.0,1243.0,-5.554977579125561,1,1253,1.0,17074.0,12784.0,-5.425699646915976,9.998597852416886
2024-02-04,1633.0,1261.0,-5.161462565016159,1,1275,1.0,16796.0,12641.0,-5.364129061539167,9.98119278918616
2024-02-05,2163.0,1594.0,-4.831124178068995,1,1599,1.0,16120.0,12105.0,-5.24195501309309,9.925651977760943
2024-02-06,2268.0,1649.0,-4.996370643053553,1,1662,1.0,15466.0,11525.0,-5.204232019277841,9.872783833924396
2024-02-07,2513.0,1836.0,-4.955804735604104,1,1846,1.0,15201.0,11241.0,-5.162308040786463,9.843642847640666
2024-02-08,2545.0,1956.0,-5.319443414365566,1,1976,1.0,15105.0,11198.0,-5.15162136510338,9.83874190409303
2024-02-09,2795.0,2045.0,-5.4503382140740655,1,2050,1.0,15590.0,11584.0,-5.181360189901143,9.87560245585659
2024-02-10,2104.0,1465.0,-5.798235718485079,1,1473,1.0,16021.0,11806.0,-5.216111352666788,9.898058990173787
2024-02-11,2404.0,1581.0,-5.926373397684575,1,1629,1.0,16792.0,12126.0,-5.325384328762277,9.93572808353302
2024-02-12,3772.0,2706.0,-5.328771163506331,1,2671,1.0,18401.0,13238.0,-5.396476755253325,10.0
2024-02-13,3655.0,2658.0,-5.390407714546691,1,2647,1.0,19788.0,14247.0,-5.45276776546663,10.0
2024-02-14,2999.0,2103.0,-5.28417190342985,1,2099,1.0,20274.0,14514.0,-5.499677360870308,10.0
2024-02-15,2976.0,2082.0,-5.476127844209187,1,2075,1.0,20705.0,14640.0,-5.522060850847969,10.0
2024-02-16,2826.0,2006.0,-5.274629311908877,1,1987,1.0,20736.0,14601.0,-5.496959579110084,10.0
2024-02-17,1875.0,1257.0,-5.416247410785769,1,1246,1.0,20507.0,14393.0,-5.4423898208673265,10.0
2024-02-18,1978.0,1453.0,-5.701856893166415,1,1431,1.0,20081.0,14265.0,-5.410316034507589,10.0
2024-02-19,2951.0,2114.0,-5.501556544659781,1,2092,1.0,19260.0,13673.0,-5.434999660386652,10.0
2024-02-20,2766.0,1911.0,-5.71979426052398,1,1887,1.0,18371.0,12926.0,-5.482054881240551,10.0
2024-02-21,2627.0,1827.0,-5.536925424592333,1,1822,1.0,17999.0,12650.0,-5.518162527120906,9.99730779512676
2024-02-22,2478.0,1841.0,-5.365586468558526,1,1821,1.0,17501.0,12409.0,-5.5023709020279545,9.976494968401449
2024-02-23,2207.0,1705.0,-5.626575397442398,1,1691,1.0,16882.0,12108.0,-5.552648914247029,9.956969148179068
2024-02-24,1527.0,1123.0,-5.189787857234945,1,1149,1.0,16534.0,11974.0,-5.520297549454054,9.942606177224521
2024-02-25,1815.0,1308.0,-5.130284179166357,1,1324,1.0,16371.0,11829.0,-5.438644304596903,9.922258387432123
2024-02-26,2894.0,1861.0,-5.191760641989119,1,1851,1.0,16314.0,11576.0,-5.394387747072522,9.89621442491298
2024-02-27,2720.0,1857.0,-5.141605704453851,1,1858,1.0,16268.0,11522.0,-5.311789381919646,9.883279255205979
2024-02-28,2710.0,1818.0,-4.761608176081373,1,1795,1.0,16351.0,11513.0,-5.201029774989509,9.871421942734706
2024-02-29,2645.0,1899.0,-5.481375512042394,1,1878,1.0,16518.0,11571.0,-5.217571066915776,9.878100772787603
2024-03-01,2224.0,1626.0,-5.0480919819156895,1,1623,1.0,16535.0,11492.0,-5.134930578983391,9.862986491267097
2024-03-02,1685.0,1223.0,-5.142662225663239,1,1225,1.0,16693.0,11592.0,-5.128198345901717,9.870976581260573
2024-03-03,1821.0,1267.0,-5.279585320989142,1,1271,1.0,16699.0,11551.0,-5.14952708044783,9.86956656917739
2024-03-04,2297.0,1658.0,-5.293534436868745,1,1655,1.0,16102.0,11348.0,-5.164066194002062,9.853291532701345
2024-03-05,2702.0,1953.0,-5.474839583520914,1,1964,1.0,16084.0,11444.0,-5.211671033868785,9.866475335773545
2024-03-06,2578.0,1880.0,-4.838678838474934,1,1867,1.0,15952.0,11506.0,-5.222681128496437,9.872978937673102
2024-03-07,2658.0,1910.0,-4.87933851089207,1,1873,1.0,15965.0,11517.0,-5.136675842617819,9.8653338923284
2024-03-08,2161.0,1542.0,-4.706592422332547,1,1525,1.0,15902.0,11433.0,-5.087890191248799,9.853135670948797
2024-03-09,1612.0,1120.0,-5.111935194347361,1,1140,1.0,15829.0,11330.0,-5.08350061534653,9.84364767291522
2024-03-10,1649.0,1174.0,-4.998583334707268,1,1229,1.0,15657.0,11237.0,-5.043357474449119,9.831391919117056
2024-03-11,2033.0,1414.0,-4.585515856895907,1,1456,1.0,15393.0,10993.0,-4.942211963024429,9.799326144723048
2024-03-12,2297.0,1701.0,-5.0062029829390795,1,1708,1.0,14988.0,10741.0,-4.875263877227025,9.769442958188108
2024-03-13,2104.0,1569.0,-4.5929581054063195,1,1610,1.0,14514.0,10430.0,-4.840160915360079,9.736553512211978
2024-03-14,2420.0,1708.0,-4.555582323031026,1,1686,1.0,14276.0,10228.0,-4.79391003137993,9.712373105595
2024-03-15,2092.0,1443.0,-4.167003630932716,1,1455,1.0,14207.0,10129.0,-4.716825918322812,9.69493918907501
2024-03-16,1632.0,1177.0,-4.9261180014234895,1,1175,1.0,14227.0,10186.0,-4.690280605047973,9.697895737094864
2024-03-17,1642.0,1176.0,-5.006222402894654,1,1175,1.0,14220.0,10188.0,-4.691371900503313,9.698201176024616
2024-03-18,2438.0,1750.0,-5.408264471583782,1,1747,1.0,14625.0,10524.0,-4.808907416887295,9.74239940023931
2024-03-19,2768.0,1995.0,-5.227748853067771,1,1994,1.0,15096.0,10818.0,-4.84055682690568,9.773114809378143
2024-03-20,2495.0,1821.0,-4.9709630432717296,1,1819,1.0,15487.0,11070.0,-4.894557532315024,9.801540109090968
2024-03-21,2486.0,1832.0,-4.899744698568595,1,1825,1.0,15553.0,11194.0,-4.943723585963248,9.81759488762918
2024-03-22,2246.0,1626.0,-5.418273886889108,1,1633,1.0,15707.0,11377.0,-5.122476479671304,9.851684593277724
2024-03-23,1495.0,1097.0,-5.460682756179817,1,1101,1.0,15570.0,11297.0,-5.198842873207923,9.852265285206
2024-03-24,1817.0,1329.0,-5.7286173741849415,1,1366,1.0,15745.0,11450.0,-5.30204215482082,9.876036556895421
2024-03-25,2426.0,1598.0,-5.317026578767209,1,1633,1.0,15733.0,11298.0,-5.289008170132738,9.86137032222252
2024-03-26,2446.0,1661.0,-5.087159382229035,1,1659,1.0,15411.0,10964.0,-5.268923960012919,9.82935605685328
2024-03-27,2468.0,1773.0,-5.421468988877212,1,1779,1.0,15384.0,10916.0,-5.333281952242274,9.831404681504496
2024-03-28,2031.0,1420.0,-4.982287603765158,1,1412,1.0,14929.0,10504.0,-5.345073795841783,9.794113992863279
2024-03-29,2203.0,1660.0,-5.186527616523055,1,1671,1.0,14886.0,10538.0,-5.31196718578949,9.794034659512885
2024-03-30,1636.0,1161.0,-5.0418471808434955,1,1150,1.0,15027.0,10602.0,-5.252133532170015,9.794105612142799
2024-03-31,1923.0,1374.0,-5.825338934494052,1,1389,1.0,15133.0,10647.0,-5.26595089792846,9.799722449867794
2024-04-01,2959.0,2163.0,-5.752619282773467,1,2211,1.0,15666.0,11212.0,-5.328178427072211,9.857646941168102
2024-04-02,3558.0,2699.0,-5.07463411101718,1,2670,1.0,16778.0,12250.0,-5.3263891026133745,9.946001755555507
2024-04-03,3223.0,2400.0,-4.700527228885125,1,2427,1.0,17533.0,12877.0,-5.223397422614505,9.98561545035958
2024-04-04,3060.0,2150.0,-4.693772609215623,1,2158,1.0,18562.0,13607.0,-5.182180994821714,10.0
2024-04-05,2770.0,1936.0,-4.759187553380157,1,1946,1.0,19129.0,13883.0,-5.121132414372728,10.0
2024-04-06,1885.0,1308.0,-5.1614970285345345,1,1364,1.0,19378.0,14030.0,-5.138225249757163,10.0
2024-04-07,2364.0,1707.0,-5.526780290747526,1,1713,1.0,19819.0,14363.0,-5.095574014936231,10.0
2024-04-08,2671.0,1914.0,-5.044473212358422,1,1890,1.0,19531.0,14114.0,-4.994410290591224,10.0
2024-04-09,2466.0,1792.0,-4.827252134828519,1,1783,1.0,18439.0,13207.0,-4.959070008278558,9.98448498642782
2024-04-10,2399.0,1764.0,-4.8428717695286405,1,1744,1.0,17615.0,12571.0,-4.979404942656203,9.937167892183078
2024-04-11,2528.0,1785.0,-5.106331526100552,1,1814,1.0,17083.0,12206.0,-5.038341930782622,9.913599029748061
2024-04-12,2884.0,2019.0,-5.24957489572026,1,2008,1.0,17197.0,12289.0,-5.108397265402636,9.927380929100345
2024-04-13,2570.0,1811.0,-5.981490008533484,1,1810,1.0,17882.0,12792.0,-5.2255391196882,9.979207337285855
2024-04-14,3582.0,2639.0,-5.709925306231531,1,2650,1.0,19100.0,13724.0,-5.251702693328773,10.0
2024-04-15,3487.0,2505.0,-5.6846693289799015,1,2516,1.0,19916.0,14315.0,-5.343159281417555,10.0
2024-04-16,3183.0,2231.0,-5.503917569434413,1,2276,1.0,20633.0,14754.0,-5.439825772075539,10.0
2024-04-17,3056.0,2183.0,-5.124145665314516,1,2204,1.0,21290.0,15173.0,-5.480007757187808,10.0
2024-04-18,2896.0,1951.0,-5.204235070793996,1,1950,1.0,21658.0,15339.0,-5.493993977858301,10.0
2024-04-19,3286.0,2266.0,-5.490628485547236,1,2252,1.0,22060.0,15586.0,-5.5284302049764396,10.0
2024-04-20,2137.0,1536.0,-5.555722033469704,1,1567,1.0,21627.0,15311.0,-5.467606208538757,10.0
2024-04-21,2154.0,1564.0,-5.873335508866277,1,1588,1.0,20199.0,14236.0,-5.490950523200864,10.0
2024-04-22,3124.0,2068.0,-5.409908888604254,1,2052,1.0,19836.0,13799.0,-5.451699031718628,10.0
2024-04-23,3460.0,2266.0,-5.571280871378426,1,2203,1.0,20113.0,13834.0,-5.461322360567773,10.0
2024-04-24,3443.0,2164.0,-5.279420380469971,1,2132,1.0,20500.0,13815.0,-5.483504462732838,10.0
2024-04-25,3635.0,2366.0,-5.589433791878941,1,2322,1.0,21239.0,14230.0,-5.538532851459259,10.0
2024-04-26,3452.0,2179.0,-5.31223201284598,1,2130,1.0,21405.0,14143.0,-5.513047641073364,10.0
2024-04-27,2472.0,1517.0,-5.34764469726508,1,1543,1.0,21740.0,14124.0,-5.483322307329847,10.0
2024-04-28,2403.0,1487.0,-4.981063888302246,1,1477,1.0,21989.0,14047.0,-5.355854932963557,10.0
2024-04-29,3257.0,1976.0,-4.988420098081181,1,1964,1.0,22122.0,13955.0,-5.295642248603118,10.0
2024-04-30,3973.0,2468.0,-5.194447437876705,1,2454,1.0,22635.0,14157.0,-5.241808900960015,10.0
2024-05-01,4220.0,2635.0,-5.693675948753799,1,2601,1.0,23412.0,14628.0,-5.300988267857704,10.0
2024-05-02,4409.0,2687.0,-5.820555797222195,1,2684,1.0,24186.0,14949.0,-5.334005697192455,10.0
2024-05-03,3999.0,2346.0,-5.5102273042898675,1,2317,1.0,24733.0,15116.0,-5.362290738827296,10.0
2024-05-04,2738.0,1582.0,-5.19533951912027,1,1560,1.0,24999.0,15181.0,-5.34053285623518,10.0
2024-05-05,3040.0,1915.0,-5.617743396684024,1,1929,1.0,25636.0,15609.0,-5.4314870717182915,10.0
2024-05-06,4750.0,2892.0,-5.359383155081656,1,2849,1.0,27129.0,16525.0,-5.484481794146931,10.0
2024-05-07,5002.0,3112.0,-4.9529252916303514,1,3078,1.0,28158.0,17169.0,-5.449978630397452,10.0
2024-05-08,4484.0,2885.0,-5.102689992235854,1,2873,1.0,28422.0,17419.0,-5.365552065180602,10.0
2024-05-09,4071.0,2553.0,-4.813405235813181,1,2532,1.0,28084.0,17285.0,-5.221673413550744,10.0
2024-05-10,3861.0,2414.0,-4.702308164976349,1,2388,1.0,27946.0,17353.0,-5.106256393648812,10.0
2024-05-11,2854.0,1808.0,-4.9382288006691395,1,1794,1.0,28062.0,17579.0,-5.069526291012936,10.0
2024-05-12,2772.0,1889.0,-5.227279155861955,1,1881,1.0,27794.0,17553.0,-5.013745685181212,10.0
2024-05-13,3099.0,2034.0,-4.898822103281235,1,1996,1.0,26143.0,16695.0,-4.947951249209724,10.0
2024-05-14,3333.0,2343.0,-5.10987645389126,1,2311,1.0,24474.0,15926.0,-4.970372843818425,10.0
2024-05-15,3105.0,2208.0,-4.933871777066381,1,2177,1.0,23095.0,15249.0,-4.946255955937072,10.0
2024-05-16,3457.0,2353.0,-4.959666617631885,1,2298,1.0,22481.0,15049.0,-4.96715043905403,10.0
2024-05-17,3013.0,2140.0,-5.012406097919642,1,2146,1.0,21633.0,14775.0,-5.0114501437602135,10.0
2024-05-18,2323.0,1704.0,-5.305028504968468,1,1709,1.0,21102.0,14671.0,-5.063850101517261,10.0
2024-05-19,2331.0,1643.0,-5.231200944769427,1,1644,1.0,20661.0,14425.0,-5.064410357075471,10.0
2024-05-20,3362.0,2618.0,-6.104950184603562,1,2563,1.0,20924.0,15009.0,-5.2367143686929465,10.0
2024-05-21,3381.0,2587.0,-5.948340806172846,1,2592,1.0,20972.0,15253.0,-5.356494990447459,10.0
2024-05-22,3189.0,2182.0,-4.749727510957951,1,2172,1.0,21056.0,15227.0,-5.330188666717683,10.0
2024-05-23,2990.0,2028.0,-5.234446117763773,1,2022,1.0,20589.0,14902.0,-5.369442881022238,10.0
2024-05-24,2942.0,1999.0,-4.94698726521742,1,1952,1.0,20518.0,14761.0,-5.36009733349335,10.0
2024-05-25,1820.0,1308.0,-5.019790477269599,1,1298,1.0,20015.0,14365.0,-5.319349043822084,10.0
2024-05-26,2165.0,1700.0,-5.303383283172787,1,1697,1.0,19849.0,14422.0,-5.329660806451135,10.0
2024-05-27,3260.0,2551.0,-5.723532082243165,1,2508,1.0,19747.0,14355.0,-5.275172506113934,10.0
2024-05-28,3614.0,2562.0,-5.6019809745395275,1,2538,1.0,19980.0,14330.0,-5.2256925301663175,10.0
2024-05-29,3550.0,2635.0,-5.725712002514357,1,2607,1.0,20341.0,14783.0,-5.365118886102947,10.0
2024-05-30,3101.0,2270.0,-5.028122232068595,1,2199,1.0,20452.0,15025.0,-5.33564404528935,10.0
2024-05-31,,,,0,20,,,,,
2024-06-01,,,,0,8,,,,,
2024-06-02,,,,0,37,,,,,
2024-06-03,,,,0,39,,,,,
2024-06-04,,,,0,34,,,,,
2024-06-05,,,,0,31,,,,,
2024-06-06,,,,0,17,,,,,
2024-06-07,,,,0,16,,,,,
2024-06-08,,,,0,42,,,,,
2024-06-09,,,,0,50,,,,,
2024-06-10,,,,0,60,,,,,
2024-06-11,,,,0,56,,,,,
2024-06-12,,,,0,54,,,,,
2024-06-13,,,,0,71,,,,,
2024-06-14,,,,0,19,,,,,
2024-06-15,2091.0,1629.0,-6.033472340618107,1,1600,1.0,,,,
2024-06-16,2174.0,1600.0,-5.477898269277956,1,1567,1.0,,,,
2024-06-17,2659.0,1988.0,-5.023177732419182,1,1959,1.0,,,,
2024-06-18,1995.0,1377.0,-5.047074767973784,1,1353,1.0,,,,
2024-06-19,1868.0,1311.0,-5.321219335961821,1,1260,1.0,,,,
2024-06-20,1913.0,1334.0,-5.527250610354772,1,1276,1.0,,,,
2024-06-21,1831.0,1354.0,-5.496389021668823,1,1335,1.0,14531.0,10593.0,-5.418068868324921,9.809849968936962
2024-06-22,1271.0,968.0,-5.794015346478698,1,971,1.0,13711.0,9932.0,-5.383860726305005,9.742003898845855
2024-06-23,1478.0,1114.0,-5.752605445234181,1,1103,1.0,13015.0,9446.0,-5.423104608584466,9.695762970627582
2024-06-24,2086.0,1509.0,-5.396158623609103,1,1495,1.0,12442.0,8967.0,-5.47638759304017,9.649056724056011
2024-06-25,2007.0,1408.0,-5.154356509640092,1,1396,1.0,12454.0,8998.0,-5.491713556135356,9.654040094647485
2024-06-26,1818.0,1265.0,-4.7885570650111955,1,1249,1.0,12404.0,8952.0,-5.415618945999553,9.641305845234111
2024-06-27,1955.0,1404.0,-5.286078352923806,1,1384,1.0,12446.0,9022.0,-5.381165766366556,9.645648728631157
2024-06-28,2185.0,1700.0,-5.697291347494012,1,1669,1.0,12800.0,9368.0,-5.409866098627298,9.686148255813917
2024-06-29,1197.0,865.0,-5.546381184714996,1,855,1.0,12726.0,9265.0,-5.374489789803912,9.671556044956985
2024-06-30,1394.0,986.0,-5.771664274388905,1,989,1.0,12642.0,9137.0,-5.377212479683158,9.657918070091533
2024-07-01,1786.0,1312.0,-5.593439010051358,1,1311,1.0,12342.0,8940.0,-5.4053953920320525,9.638942257938524
2024-07-02,1981.0,1478.0,-6.1917752600537455,1,1472,1.0,12316.0,9010.0,-5.553598070662574,9.661561139301295
2024-07-03,2008.0,1541.0,-5.6832740773606165,1,1538,1.0,12506.0,9286.0,-5.681414786712492,9.704512330447258
2024-07-04,1669.0,1290.0,-5.706020728543614,1,1284,1.0,12220.0,9172.0,-5.7414065546581785,9.698160320975473
2024-07-05,1586.0,1151.0,-5.430414494491421,1,1146,1.0,11621.0,8623.0,-5.703281289943523,9.632632422143132
2024-07-06,1195.0,900.0,-5.74808141993427,1,896,1.0,11619.0,8658.0,-5.732095609260561,9.639564082373857
2024-07-07,1284.0,1025.0,-5.815722237839396,1,1015,1.0,11509.0,8697.0,-5.738389604039203,9.644687353561505
2024-07-08,1710.0,1292.0,-5.54734442644682,1,1278,1.0,11433.0,8677.0,-5.73180466352427,9.641726832710724
2024-07-09,1878.0,1474.0,-6.090877320672329,1,1471,1.0,11330.0,8673.0,-5.717390672184067,9.639824391613718
2024-07-10,1998.0,1525.0,-5.4117008863122615,1,1534,1.0,11320.0,8657.0,-5.678594502034302,9.634098478205356
2024-07-11,1615.0,1151.0,-5.340962708235979,1,1153,1.0,11266.0,8518.0,-5.626443356276068,9.612698577670447
2024-07-12,1459.0,1064.0,-4.952460723465351,1,1055,1.0,11139.0,8431.0,-5.558164246129486,9.595605695394093
2024-07-13,1353.0,1041.0,-5.98653066116089,1,1114,1.0,11297.0,8572.0,-5.592228423447575,9.615595851023514
2024-07-14,1384.0,1147.0,-6.071214112896807,1,1146,1.0,11397.0,8694.0,-5.628727262741491,9.633376153062532
2024-07-15,1791.0,1397.0,-5.778395497090709,1,1415,1.0,11478.0,8799.0,-5.661734558547762,9.648680456321074
2024-07-16,2016.0,1655.0,-5.580133664831842,1,1675,1.0,11616.0,8980.0,-5.588771179141977,9.661743631585148
2024-07-17,2028.0,1646.0,-5.638576949671197,1,1666,1.0,11646.0,9101.0,-5.621182045336111,9.678367653110199
2024-07-18,1891.0,1500.0,-5.652648657164843,1,1490,1.0,11922.0,9450.0,-5.665708609468806,9.720446695941936
2024-07-19,1587.0,1271.0,-5.406098479360408,1,1280,1.0,12050.0,9657.0,-5.730514003168099,9.748593266750298
2024-07-20,1200.0,962.0,-5.266366242821962,1,977,1.0,11897.0,9578.0,-5.627633371976823,9.730091818580574
2024-07-21,1554.0,1242.0,-5.637106377556519,1,1246,1.0,12067.0,9673.0,-5.565617981213926,9.733758951504322
2024-07-22,2059.0,1471.0,-5.4703175096555645,1,1462,1.0,12335.0,9747.0,-5.521606840151763,9.736978098760273
2024-07-23,2209.0,1471.0,-4.833858224656882,1,1486,1.0,12528.0,9563.0,-5.41499606298391,9.707260934876606
2024-07-24,2564.0,1620.0,-5.0282861565462635,1,1591,1.0,13064.0,9537.0,-5.327811663966062,9.695820265254776
2024-07-25,2497.0,1642.0,-5.131830062851132,1,1620,1.0,13670.0,9679.0,-5.2534090076355335,9.703158081034175
2024-07-26,1845.0,1261.0,-5.274387763965393,1,1298,1.0,13928.0,9669.0,-5.234593191150531,9.700242907562393
2024-07-27,1413.0,1020.0,-6.011269892770132,1,1084,1.0,14141.0,9727.0,-5.341007998285983,9.716864404034547
2024-07-28,1021.0,761.0,-5.998808758840443,1,777,1.0,13608.0,9246.0,-5.39267976704083,9.671322430281721
2024-07-29,1542.0,1085.0,-5.694193685557837,1,1137,1.0,13091.0,8860.0,-5.424662077884013,9.631881111835703
2024-07-30,1931.0,1441.0,-6.45251857627432,1,1505,1.0,12813.0,8830.0,-5.655899270972218,9.651613464566024
2024-07-31,3161.0,2482.0,-6.306938191532271,1,2507,1.0,13410.0,9692.0,-5.83856384739879,9.763015639232488
2024-08-01,2743.0,2111.0,-6.391370991997737,1,2051,1.0,13656.0,10161.0,-6.0184982658483035,9.828260378738507
2024-08-02,2205.0,1680.0,-5.90830209616549,1,1646,1.0,14016.0,10580.0,-6.109057456162604,9.877720964520423
2024-08-03,1545.0,1199.0,-5.943318287187323,1,1172,1.0,14148.0,10759.0,-6.099350083936488,9.893525842109424
2024-08-04,1544.0,1166.0,-6.534086460491543,1,1162,1.0,14671.0,11164.0,-6.1758183270295035,9.938120996977208
2024-08-05,2077.0,1474.0,-5.981825250941041,1,1430,1.0,15206.0,11553.0,-6.216908550655675,9.976477831406779
2024-08-06,2170.0,1600.0,-6.141252223649613,1,1546,1.0,15445.0,11712.0,-6.1724419288521455,9.985698807955089
2024-08-07,2050.0,1499.0,-5.663363946796922,1,1457,1.0,14334.0,10729.0,-6.080502751032809,9.888849110728025
2024-08-08,1944.0,1374.0,-5.514555013884036,1,1363,1.0,13535.0,9992.0,-5.955243325587995,9.805164459420588
2024-08-09,1912.0,1460.0,-5.751747109779096,1,1436,1.0,13242.0,9772.0,-5.932878327532796,9.780666593092116
2024-08-10,1565.0,1236.0,-6.212121890227003,1,1224,1.0,13262.0,9809.0,-5.97127884225275,9.788285436784683
2024-08-11,1265.0,953.0,-6.411145915538791,1,957,1.0,12983.0,9596.0,-5.9537159072595,9.764577419343578
2024-08-12,2181.0,1630.0,-5.925552359160076,1,1605,1.0,13087.0,9752.0,-5.945676922719363,9.779897901243952
2024-08-13,2181.0,1655.0,-6.230169862744156,1,1646,1.0,13098.0,9807.0,-5.958379442590011,9.786791602434993
2024-08-14,1778.0,1354.0,-5.568665585838734,1,1365,1.0,12826.0,9662.0,-5.944851105310271,9.770544548530335
2024-08-15,1950.0,1421.0,-5.97254164388589,1,1419,1.0,12832.0,9709.0,-6.010277766739107,9.781939337959281
2024-08-16,2062.0,1571.0,-6.157678821462159,1,1549,1.0,12982.0,9820.0,-6.068268011265259,9.799105030284299
2024-08-17,1449.0,1083.0,-5.886399477530687,1,1077,1.0,12866.0,9667.0,-6.021736238022927,9.778750365625665
2024-08-18,1292.0,970.0,-5.466409594861474,1,953,1.0,12893.0,9684.0,-5.886773906497596,9.767010966490856
2024-08-19,1939.0,1301.0,-5.023253399140202,1,1269,1.0,12651.0,9355.0,-5.757874055066186,9.719560533210688
2024-08-20,2170.0,1580.0,-4.9461432785517765,1,1583,1.0,12640.0,9280.0,-5.574441685895847,9.693168747184979
2024-08-21,2256.0,1591.0,-5.422917298619286,1,1581,1.0,13118.0,9517.0,-5.5536205020073535,9.71630207188179
2024-08-22,2183.0,1585.0,-5.384233860846945,1,1567,1.0,13351.0,9681.0,-5.46957653300179,9.724981423799818
2024-08-23,1882.0,1282.0,-4.888867255211965,1,1269,1.0,13171.0,9392.0,-5.288317737823191,9.676551783776834
2024-08-24,1203.0,922.0,-5.533792207403379,1,928,1.0,12925.0,9231.0,-5.237945270662147,9.654225515814096
2024-08-25,1828.0,1370.0,-6.102062984694391,1,1324,1.0,13461.0,9631.0,-5.328752897781135,9.705721457326716
2024-08-26,1882.0,1381.0,-5.427128528506682,1,1360,1.0,13404.0,9711.0,-5.386449344833489,9.719762447782628
2024-08-27,2160.0,1691.0,-5.059884887725063,1,1650,1.0,13394.0,9822.0,-5.402698146143957,9.732751668289266
2024-08-28,2318.0,1779.0,-5.706254311445627,1,1764,1.0,13456.0,10010.0,-5.4431748622620075,9.755757253645683
2024-08-29,2385.0,1913.0,-5.921534292405418,1,1898,1.0,13658.0,10338.0,-5.519932066770361,9.795671638263729
2024-08-30,1912.0,1396.0,-5.40555121224671,1,1392,1.0,13688.0,10452.0,-5.593744060632467,9.814018703595954
2024-08-31,1148.0,924.0,-5.841420159084632,1,938,1.0,13633.0,10454.0,-5.637690910872647,9.81860470295
2024-09-01,1786.0,1503.0,-6.372569613610411,1,1507,1.0,13591.0,10587.0,-5.676334715003506,9.835110034847343
2024-09-02,1974.0,1498.0,-5.745002160108892,1,1526,1.0,13683.0,10704.0,-5.721745233803822,9.850640724404165
2024-09-03,2076.0,1561.0,-5.756804763570608,1,1573,1.0,13599.0,10574.0,-5.821305216067472,9.848378525521225
2024-09-04,2342.0,1733.0,-5.82597310620394,1,1721,1.0,13623.0,10528.0,-5.838407901032944,9.845729423960055
2024-09-05,1970.0,1517.0,-5.528404316453062,1,1524,1.0,13208.0,10132.0,-5.782246475896893,9.801777351038007
2024-09-06,2274.0,1797.0,-6.064546219411025,1,1799,1.0,13570.0,10533.0,-5.87638861977751,9.850002262021086
2024-09-07,1914.0,1531.0,-6.527660447686587,1,1549,1.0,14336.0,11140.0,-5.974422946720646,9.915829570731383
2024-09-08,1593.0,1314.0,-6.541155399515719,1,1335,1.0,14143.0,10951.0,-5.998506630421405,9.901128030010424
2024-09-09,2329.0,1824.0,-5.796550250860817,1,1821,1.0,14498.0,11277.0,-6.0058706433859665,9.931196268705722
2024-09-10,2257.0,1731.0,-6.0907938717309165,1,1703,1.0,14679.0,11447.0,-6.0535833731231525,9.950928658548602
2024-09-11,2190.0,1711.0,-5.962241876420169,1,1707,1.0,14527.0,11425.0,-6.073050340296899,9.950951773314097
2024-09-12,2090.0,1653.0,-5.737921063304988,1,1622,1.0,14647.0,11561.0,-6.102981304132888,9.96577726805571
2024-09-13,1778.0,1392.0,-5.568634823842474,1,1389,1.0,14151.0,11156.0,-6.032136819051667,9.923036064498348
2024-09-14,1135.0,929.0,-5.74800137041692,1,916,1.0,13372.0,10554.0,-5.9207569508702855,9.85643065536945
2024-09-15,1222.0,974.0,-5.526138141155367,1,985,1.0,13001.0,10214.0,-5.775754485390236,9.809187955790746
2024-09-16,1447.0,1061.0,-5.229831312698813,1,1078,1.0,12119.0,9451.0,-5.694794637081378,9.723461102014937
2024-09-17,1735.0,1275.0,-5.455351139468636,1,1273,1.0,11597.0,8995.0,-5.604017103901052,9.66493702346931
2024-09-18,2136.0,1555.0,-5.590781937210483,1,1553,1.0,11543.0,8839.0,-5.550951398299668,9.642137295461655
2024-09-19,2177.0,1603.0,-5.790105940696728,1,1609,1.0,11630.0,8789.0,-5.558406380784204,9.637210628757643
2024-09-20,2145.0,1673.0,-5.829535385402876,1,1630,1.0,11997.0,9070.0,-5.595677889578546,9.6724055795728
2024-09-21,1626.0,1268.0,-6.023259557625817,1,1267,1.0,12488.0,9409.0,-5.635000487751246,9.71302828135455
2024-09-22,1601.0,1275.0,-5.762720483835592,1,1284,1.0,12867.0,9710.0,-5.668797965276993,9.747894339122054
2024-09-23,2309.0,1756.0,-5.474450383871867,1,1781,1.0,13729.0,10405.0,-5.7037435468731426,9.820512196537562
2024-09-24,2568.0,1937.0,-5.755925662171544,1,1963,1.0,14562.0,11067.0,-5.74668276440213,9.88648161734703
2024-09-25,2065.0,1532.0,-5.363835859707589,1,1575,1.0,14491.0,11044.0,-5.7142618961874305,9.881159305472961
2024-09-26,2043.0,1417.0,-4.790988017162021,1,1414,1.0,14357.0,10858.0,-5.5715307642539,9.84990258464229
2024-09-27,2153.0,1472.0,-5.081505820135154,1,1495,1.0,14365.0,10657.0,-5.464669397787084,9.820533002635436
2024-09-28,2389.0,1695.0,-5.168981872812861,1,1687,1.0,15128.0,11084.0,-5.342629728528089,9.84761109490322
2024-09-29,2372.0,1768.0,-5.476363250253453,1,1800,1.0,15899.0,11577.0,-5.3017215523020695,9.887034179869158
2024-09-30,2971.0,2260.0,-5.0438216684389765,1,2280,1.0,16561.0,12081.0,-5.240203164383085,9.923492337136995
2024-10-01,3634.0,2727.0,-5.3856126643100515,1,2699,1.0,17627.0,12871.0,-5.18730130754573,9.981539819426793
2024-10-02,4139.0,3174.0,-5.747755164704575,1,3088,1.0,19701.0,14513.0,-5.2421469225453,10.0
2024-10-03,3315.0,2491.0,-5.400143215395843,1,2451,1.0,20973.0,15587.0,-5.32916909372156,10.0
2024-10-04,3034.0,2290.0,-5.304197852348661,1,2243,1.0,21854.0,16405.0,-5.360982241180631,10.0
2024-10-05,2440.0,1750.0,-5.405183278271739,1,1717,1.0,21905.0,16460.0,-5.394725299103329,10.0
2024-10-06,3286.0,2276.0,-5.972066795248502,1,2246,1.0,22819.0,16968.0,-5.465540091245479,10.0
2024-10-07,4835.0,3632.0,-5.80840190757445,1,3461,1.0,24683.0,18340.0,-5.574765839693404,10.0
2024-10-08,3412.0,2480.0,-5.394291192332174,1,2436,1.0,24461.0,18093.0,-5.57600562941085,10.0
2024-10-09,3000.0,2162.0,-5.329584035941635,1,2119,1.0,23322.0,17081.0,-5.5162668967304285,10.0
2024-10-10,2609.0,1925.0,-5.2105191117383916,1,1897,1.0,22616.0,16515.0,-5.489177739065078,10.0
2024-10-11,2696.0,2044.0,-5.206083355421233,1,1986,1.0,22278.0,16269.0,-5.4751613823611605,10.0
2024-10-12,1837.0,1418.0,-5.208206039025062,1,1385,1.0,21675.0,15937.0,-5.447021776754492,10.0
2024-10-13,1876.0,1456.0,-5.103306833257402,1,1477,1.0,20265.0,15117.0,-5.322913210755764,10.0
2024-10-14,2354.0,1827.0,-5.298071341351431,1,1816,1.0,17784.0,13312.0,-5.250008844152475,10.0
2024-10-15,2674.0,1958.0,-5.301675424233729,1,1947,1.0,17046.0,12790.0,-5.236778020138412,9.980174879613234
2024-10-16,2481.0,1732.0,-4.889895032061848,1,1730,1.0,16527.0,12360.0,-5.1739653052984425,9.939698164417667
2024-10-17,3057.0,2313.0,-5.415436670803325,1,2262,1.0,16975.0,12748.0,-5.203239242307718,9.973532040368893
2024-10-18,2852.0,2203.0,-5.540451789280749,1,2165,1.0,17131.0,12907.0,-5.251006161430506,9.990703169314903
2024-10-19,2017.0,1565.0,-5.634423668824169,1,1554,1.0,17311.0,13054.0,-5.3118943942589505,10.0
2024-10-20,1925.0,1478.0,-5.6253814072333705,1,1470,1.0,17360.0,13076.0,-5.386476476255517,10.0
2024-10-21,2162.0,1685.0,-5.278664898868848,1,1681,1.0,17168.0,12934.0,-5.383704127329435,10.0
2024-10-22,2282.0,1694.0,-4.997414653372472,1,1692,1.0,16776.0,12670.0,-5.340238302920683,9.981095027090976
2024-10-23,2240.0,1663.0,-5.080259845033715,1,1636,1.0,16535.0,12601.0,-5.367433276202378,9.978354138122238
2024-10-24,2131.0,1601.0,-5.155193033038605,1,1587,1.0,15609.0,11889.0,-5.330255613664562,9.916478551051283
2024-10-25,2327.0,1753.0,-5.4537560423451605,1,1747,1.0,15084.0,11439.0,-5.317870506959477,9.876658315629737
2024-10-26,2233.0,1744.0,-5.989732244316279,1,1726,1.0,15300.0,11618.0,-5.368628874886921,9.897259855671553
2024-10-27,1675.0,1275.0,-6.182454040020288,1,1250,1.0,15050.0,11415.0,-5.448210679570766,9.88759222711375
2024-10-28,2119.0,1669.0,-5.864482950613608,1,1642,1.0,15007.0,11399.0,-5.531898972677161,9.894558531650302
2024-10-29,2785.0,2174.0,-5.3850249584615755,1,2116,1.0,15510.0,11879.0,-5.587271873404176,9.941338780257054
2024-10-30,1966.0,1493.0,-5.105596872763006,1,1477,1.0,15236.0,11709.0,-5.590891448794075,9.927287601471171
2024-10-31,2193.0,1670.0,-5.3357890056409065,1,1640,1.0,15298.0,11778.0,-5.616690873451546,9.93574265130394
2024-11-01,1905.0,1500.0,-5.467004503724214,1,1496,1.0,14876.0,11525.0,-5.618583510791411,9.914218983075754
2024-11-02,1357.0,1041.0,-5.612144125094002,1,1054,1.0,14000.0,10822.0,-5.564642350902515,9.845893013385398
2024-11-03,1360.0,1072.0,-5.7214269737114964,1,1064,1.0,13685.0,10619.0,-5.49878134142983,9.820372428938912
2024-11-04,1931.0,1530.0,-5.726381784561136,1,1545,1.0,13497.0,10480.0,-5.479052603422333,9.805224633512411
2024-11-05,1929.0,1460.0,-5.186885948640412,1,1478,1.0,12641.0,9766.0,-5.4507470305907395,9.731839338506552
2024-11-06,1683.0,1260.0,-4.614107126284946,1,1254,1.0,12358.0,9533.0,-5.380534209665301,9.700673056731302
2024-11-07,1697.0,1293.0,-4.634208635777683,1,1300,1.0,11862.0,9156.0,-5.280308442541984,9.65030473736193
2024-11-08,1410.0,1117.0,-4.747485194501496,1,1113,1.0,11367.0,8773.0,-5.177519969795882,9.597300078705747
2024-11-09,1089.0,844.0,-5.2390635365335125,1,856,1.0,11099.0,8576.0,-5.124222742858668,9.569261755276287
2024-11-10,1310.0,1022.0,-5.667018444518014,1,1029,1.0,11049.0,8526.0,-5.116450095831028,9.56263788832515
2024-11-11,1652.0,1266.0,-4.804675861900819,1,1259,1.0,10770.0,8262.0,-4.9847778211652685,9.518020778817712
2024-11-12,1734.0,1270.0,-4.499585559489938,1,1230,1.0,10575.0,8072.0,-4.886592051286629,9.484939644523678
2024-11-13,1707.0,1240.0,-4.578514804002699,1,1256,1.0,10599.0,8052.0,-4.881507433817737,9.481950715177318
2024-11-14,1761.0,1311.0,-4.714767095933817,1,1312,1.0,10663.0,8070.0,-4.893015785268614,9.485334247851233
2024-11-15,1591.0,1202.0,-4.786841380562115,1,1184,1.0,10844.0,8155.0,-4.898638097562988,9.496372941450645
2024-11-16,1006.0,810.0,-5.405075016523532,1,833,1.0,10761.0,8121.0,-4.922354023275848,9.49456711057383
2024-11-17,1355.0,1083.0,-6.548139937972391,1,1095,1.0,10806.0,8182.0,-5.048228522340758,9.514636962761458
2024-11-18,1767.0,1326.0,-5.437878488602844,1,1346,1.0,10921.0,8242.0,-5.138686040441049,9.530988238357331
2024-11-19,1720.0,1224.0,-5.1673617200550925,1,1251,1.0,10907.0,8196.0,-5.234082634807499,9.534931776133782
2024-11-20,1716.0,1295.0,-4.907038302824615,1,1312,1.0,10916.0,8251.0,-5.28101456321063,9.546312330512205
2024-11-21,2380.0,1900.0,-5.998814991145575,1,1863,1.0,11535.0,8840.0,-5.464449976812309,9.633600269087035
2024-11-22,2171.0,1738.0,-5.759469027340069,1,1735,1.0,12115.0,9376.0,-5.6033967834948735,9.706354839769112
2024-11-23,1491.0,1221.0,-5.966439108319528,1,1225,1.0,12600.0,9787.0,-5.683591653751444,9.757271589937707
2024-11-24,1616.0,1281.0,-5.999748485232994,1,1302,1.0,12861.0,9985.0,-5.605250017645817,9.769464392825137
2024-11-25,2169.0,1701.0,-5.253291508705926,1,1651,1.0,13263.0,10360.0,-5.578880449089113,9.803692081160662
2024-11-26,2022.0,1521.0,-5.211575337168647,1,1471,1.0,13565.0,10657.0,-5.585196680105335,9.832585730867262
2024-11-27,1980.0,1493.0,-4.9796402940566695,1,1453,1.0,13829.0,10855.0,-5.595568393138486,9.852030040828554
2024-11-28,1808.0,1369.0,-5.5615676736808854,1,1362,1.0,13257.0,10324.0,-5.533104490643531,9.795633866893587
2024-11-29,1497.0,1109.0,-5.5854749510055495,1,1079,1.0,12583.0,9695.0,-5.508248194024314,9.730293527711526
2024-11-30,1305.0,1009.0,-5.629451100687097,1,1012,1.0,12397.0,9483.0,-5.460107050076824,9.70337215219298
2024-12-01,1403.0,1106.0,-5.610827759151044,1,1099,1.0,12184.0,9308.0,-5.404546946350831,9.679191647751573
2024-12-02,1967.0,1504.0,-5.6924223337233,1,1469,1.0,11982.0,9111.0,-5.467279921353314,9.664075497262349
2024-12-03,1831.0,1371.0,-5.728545512152294,1,1348,1.0,11791.0,8961.0,-5.541132803493835,9.654861975695471
2024-12-04,1849.0,1454.0,-5.779798547252703,1,1478,1.0,11660.0,8922.0,-5.6554411253789825,9.661931604438049
2024-12-05,1763.0,1319.0,-5.5803272888386894,1,1261,1.0,11615.0,8872.0,-5.658121070401526,9.65658034387549
2024-12-06,1511.0,1166.0,-5.4302279253005175,1,1141,1.0,11629.0,8929.0,-5.635942923872236,9.660765966257769
2024-12-07,892.0,723.0,-5.610660578248621,1,733,1.0,11216.0,8643.0,-5.633258563523881,9.627946573979166
2024-12-08,1108.0,840.0,-4.735746751315225,1,853,1.0,10921.0,8377.0,-5.508246990975907,9.584189200604571
2024-12-09,1673.0,1275.0,-4.929661026096154,1,1282,1.0,10627.0,8148.0,-5.399281089886315,9.545578608308851
2024-12-10,1668.0,1240.0,-4.902933930970327,1,1241,1.0,10464.0,8017.0,-5.281336578288891,9.51757795103134
2024-12-11,1752.0,1340.0,-5.012343988059971,1,1320,1.0,10367.0,7903.0,-5.171700212689929,9.492294260696696
2024-12-12,1620.0,1270.0,-5.049832718271753,1,1259,1.0,10224.0,7854.0,-5.09591527403751,9.478497078093472
2024-12-13,1439.0,1126.0,-4.9095645054981505,1,1088,1.0,10152.0,7814.0,-5.021534785494315,9.465953721405008
2024-12-14,984.0,798.0,-5.258025090810716,1,793,1.0,10244.0,7889.0,-4.971158287288899,9.470467242568809
2024-12-15,1318.0,1037.0,-5.624866458036244,1,1049,1.0,10454.0,8086.0,-5.098175388249045,9.507830651920727
2024-12-16,1757.0,1326.0,-5.600793652924108,1,1323,1.0,10538.0,8137.0,-5.194051477795895,9.523704876341226
2024-12-17,1625.0,1262.0,-5.095699538235936,1,1249,1.0,10495.0,8159.0,-5.221589421690983,9.52915839012725
2024-12-18,1529.0,1140.0,-4.547334348102871,1,1151,1.0,10272.0,7959.0,-5.155159473125683,9.497700226150997
2024-12-19,1747.0,1394.0,-5.305136636408767,1,1371,1.0,10399.0,8083.0,-5.191631461430971,9.516805224666609
2024-12-20,1558.0,1186.0,-5.05358425302204,1,1180,1.0,10518.0,8143.0,-5.21220571107724,9.526257309898028
2024-12-21,964.0,781.0,-5.749997668519635,1,789,1.0,10498.0,8126.0,-5.2824875078928,9.531195881542484
2024-12-22,1281.0,988.0,-5.498402839838425,1,984,1.0,10461.0,8077.0,-5.264421276721683,9.523341723795527
2024-12-23,1479.0,1114.0,-5.599229539503554,1,1109,1.0,10183.0,7865.0,-5.264197831947318,9.496724736186486
2024-12-24,1515.0,1211.0,-5.348265868565737,1,1204,1.0,10073.0,7814.0,-5.300278736280147,9.493828116483591
2024-12-25,1058.0,884.0,-5.599801145380613,1,874,1.0,9602.0,7558.0,-5.4506311358912525,9.475557298881302
2024-12-26,1433.0,1157.0,-5.6589178938678515,1,1141,1.0,9288.0,7321.0,-5.501171315528266,9.448755925233009
2024-12-27,1568.0,1235.0,-5.601806218496928,1,1245,1.0,9298.0,7370.0,-5.579488739167535,9.463257535106042
2024-12-28,1034.0,826.0,-5.596135114416731,1,829,1.0,9368.0,7415.0,-5.557508374295692,9.46714594467526
2024-12-29,1169.0,950.0,-6.235306173157716,1,963,1.0,9256.0,7377.0,-5.66278027905559,9.47253590606218
2024-12-30,1464.0,1172.0,-5.490854468007018,1,1162,1.0,9241.0,7435.0,-5.647298125984656,9.478818161439799
2024-12-31,1456.0,1133.0,-5.417480892694994,1,1109,1.0,9182.0,7357.0,-5.657185986574551,9.469262034322174
2025-01-01,1012.0,847.0,-6.0558854594270946,1,860,1.0,9136.0,7320.0,-5.722340888581191,9.470736298504761
2025-01-02,1458.0,1218.0,-5.998056983352695,1,1217,1.0,9161.0,7381.0,-5.770789329936167,9.48387881658356
2025-01-03,1666.0,1339.0,-5.629535073691388,1,1296,1.0,9259.0,7485.0,-5.774750594963948,9.49826494796077
2025-01-04,1106.0,921.0,-6.0993725651493,1,914,1.0,9331.0,7580.0,-5.846641659354314,9.518064561991734
2025-01-05,1189.0,926.0,-5.742162044731453,1,912,1.0,9351.0,7556.0,-5.776192498150563,9.507848814835777
2025-01-06,1549.0,1278.0,-5.80059761276235,1,1282,1.0,9436.0,7662.0,-5.820441518829896,9.526202982853393
2025-01-07,1545.0,1229.0,-6.0058267034569415,1,1203,1.0,9525.0,7758.0,-5.904490920367317,9.547057830930681
2025-01-08,1497.0,1196.0,-5.659290260971728,1,1186,1.0,10010.0,8107.0,-5.847834463445122,9.585389953916403
2025-01-09,1415.0,1081.0,-5.7326078544209444,1,1046,1.0,9967.0,7970.0,-5.809913159312016,9.564556550359125
2025-01-10,1169.0,905.0,-5.0988536686363055,1,903,1.0,9470.0,7536.0,-5.734101530018431,9.500989656845313
2025-01-11,897.0,753.0,-5.775700755692716,1,760,1.0,9261.0,7368.0,-5.687862700096063,9.473823560776607
2025-01-12,956.0,756.0,-6.0774103877112475,1,788,1.0,9028.0,7198.0,-5.735755320521748,9.455272938521478
2025-01-13,1253.0,957.0,-4.9969058319461634,1,951,1.0,8732.0,6877.0,-5.620942208976579,9.398177411889868
2025-01-14,1362.0,1044.0,-4.869984490462075,1,1031,1.0,8549.0,6692.0,-5.458679035691597,9.354685386669802
2025-01-15,1883.0,1452.0,-5.131391016273132,1,1423,1.0,8935.0,6948.0,-5.383264857877513,9.384679529102078
2025-01-16,2012.0,1564.0,-4.856006703374537,1,1543,1.0,9532.0,7431.0,-5.25803612201374,9.439353892695049
2025-01-17,1673.0,1268.0,-4.885315697768343,1,1259,1.0,10036.0,7794.0,-5.22753069760403,9.48399085125228
2025-01-18,1239.0,915.0,-5.239762991989688,1,895,1.0,10378.0,7956.0,-5.1509681599321695,9.496904139370752
2025-01-19,1759.0,1302.0,-4.956428286850547,1,1286,1.0,11181.0,8502.0,-4.990827859809213,9.547257107366713
2025-01-20,1477.0,1149.0,-4.952866650255269,1,1127,1.0,11405.0,8694.0,-4.984536548139084,9.56895708160229
2025-01-21,1794.0,1305.0,-5.378637583768994,1,1278,1.0,11837.0,8955.0,-5.057201275754359,9.605799105294082
2025-01-22,1710.0,1293.0,-5.379147432063732,1,1273,1.0,11664.0,8796.0,-5.09259504943873,9.591425538196548
2025-01-23,1879.0,1474.0,-5.318736986072086,1,1450,1.0,11531.0,8706.0,-5.15869937553838,9.587752516382453
2025-01-24,1595.0,1249.0,-5.446491997623419,1,1230,1.0,11453.0,8687.0,-5.238867418374819,9.593584784011197
2025-01-25,1482.0,1164.0,-4.7695253778686535,1,1164,1.0,11696.0,8936.0,-5.1716906163575285,9.615124303017145
2025-01-26,1416.0,1131.0,-4.969268827907266,1,1133,1.0,11353.0,8765.0,-5.173524979365632,9.595988378915319
2025-01-27,1724.0,1301.0,-4.853209964050863,1,1294,1.0,11600.0,8917.0,-5.159288309907859,9.611755816178208
2025-01-28,1549.0,1194.0,-4.778089527559961,1,1178,1.0,11355.0,8806.0,-5.073495730449426,9.590651711850402
2025-01-29,1460.0,1101.0,-4.83509658392905,1,1064,1.0,11105.0,8614.0,-4.9957741807159,9.56083756703362
2025-01-30,1659.0,1319.0,-5.354889799686743,1,1289,1.0,10885.0,8459.0,-5.000938868375136,9.543198339437783
2025-01-31,1487.0,1162.0,-5.344023153873331,1,1123,1.0,10777.0,8372.0,-4.986300462125123,9.531397568416944
2025-02-01,1200.0,979.0,-5.416410727151621,1,952,1.0,10495.0,8187.0,-5.0787126548798325,9.518296212269163
2025-02-02,1157.0,953.0,-5.898748387162984,1,954,1.0,10236.0,8009.0,-5.211495449059222,9.509595584968327
2025-02-03,1071.0,858.0,-5.126110243004372,1,835,1.0,9583.0,7566.0,-5.250481203195437,9.456600087014067
2025-02-04,1239.0,911.0,-5.1397589937546995,1,903,1.0,9273.0,7283.0,-5.302148269794685,9.423650267826968
2025-02-05,2106.0,1464.0,-3.9108023728487633,1,1438,1.0,9919.0,7646.0,-5.170106239640359,9.45907931700826
2025-02-06,2114.0,1448.0,-4.043704253276039,1,1434,1.0,10374.0,7775.0,-4.982794018724545,9.457076748012728
2025-02-07,1686.0,1188.0,-4.814672171848473,1,1138,1.0,10573.0,7801.0,-4.90717244986385,9.452852635052986
2025-02-08,1135.0,891.0,-5.536266918108079,1,882,1.0,10508.0,7713.0,-4.924294762857629,9.443221615053936
2025-02-09,1237.0,990.0,-5.477509503168667,1,972,1.0,10588.0,7750.0,-4.86411777942987,9.441988924224498
2025-02-10,1393.0,1056.0,-4.927993931330805,1,1033,1.0,10910.0,7948.0,-4.83581544919079,9.464382958492193
2025-02-11,1761.0,1230.0,-5.526067482220522,1,1161,1.0,11432.0,8267.0,-4.8910023761144785,9.509248158413106
2025-02-12,1534.0,1005.0,-4.997676598007113,1,993,1.0,10860.0,7808.0,-5.046270122565671,9.467659205919242
2025-02-13,1482.0,965.0,-5.104958087654926,1,944,1.0,10228.0,7325.0,-5.197877813191226,9.418972724657882
2025-02-14,1420.0,1070.0,-5.1303997580489815,1,1057,1.0,9962.0,7207.0,-5.242981754077014,9.407244974695875
2025-02-15,1134.0,833.0,-5.999344674328052,1,827,1.0,9961.0,7149.0,-5.309135719251295,9.405781207613183
2025-02-16,1010.0,753.0,-5.291861227327372,1,746,1.0,9734.0,6912.0,-5.282614536988254,9.369420429644089
2025-02-17,1392.0,1044.0,-5.108500669315018,1,1040,1.0,9733.0,6900.0,-5.3084012138431405,9.370261729004916
2025-02-18,1399.0,1051.0,-4.8007804778019,1,1043,1.0,9371.0,6721.0,-5.2047887846404794,9.333619886749098
2025-02-19,1326.0,1021.0,-5.72262294374539,1,1009,1.0,9163.0,6737.0,-5.3083525483173775,9.346353678798236
2025-02-20,1404.0,1119.0,-5.356653599139399,1,1103,1.0,9085.0,6891.0,-5.3443090499580155,9.372547502643622
2025-02-21,1560.0,1166.0,-5.781672854579691,1,1138,1.0,9225.0,6987.0,-5.437348063748117,9.395684477628759
2025-02-22,1077.0,852.0,-5.518830314397414,1,852,1.0,9168.0,7006.0,-5.368703155186599,9.391535243889194
2025-02-23,1034.0,794.0,-5.502055570434745,1,779,1.0,9192.0,7047.0,-5.398730918487651,9.400372259464781
2025-02-24,1195.0,850.0,-4.977007718674828,1,837,1.0,8995.0,6853.0,-5.379946211253339,9.370582323559887
2025-02-25,1452.0,1055.0,-5.11604051025989,1,1050,1.0,9048.0,6857.0,-5.424983358747338,9.3756694688976
2025-02-26,1416.0,1096.0,-5.083288793030772,1,1078,1.0,9138.0,6932.0,-5.333649908645248,9.377412889807015
2025-02-27,1558.0,1199.0,-5.635810136511136,1,1204,1.0,9292.0,7012.0,-5.373529413984068,9.392873789935317
2025-02-28,1407.0,1087.0,-5.49161726983116,1,1075,1.0,9139.0,6933.0,-5.332092901877135,9.377401416432681
2025-03-01,775.0,574.0,-5.638849593209396,1,569,1.0,8837.0,6655.0,-5.349238513135989,9.338197833814643
2025-03-02,1033.0,702.0,-4.8960854247082475,1,706,1.0,8836.0,6563.0,-5.262671349460775,9.31562258715606
2025-03-03,1339.0,934.0,-5.136531162312589,1,911,1.0,8980.0,6647.0,-5.285460412837599,9.330617377819046
2025-03-04,1456.0,972.0,-4.860853727719676,1,960,1.0,8984.0,6564.0,-5.249005158188996,9.314408302555796
2025-03-05,1331.0,944.0,-4.883604134850215,1,941,1.0,8899.0,6412.0,-5.220478778448917,9.288130336993756
2025-03-06,1420.0,893.0,-4.651150306810231,1,862,1.0,8761.0,6106.0,-5.079813088491645,9.225172242072299
2025-03-07,1214.0,796.0,-4.608756094336065,1,814,1.0,8568.0,5815.0,-4.9536900634209164,9.163737025555447
2025-03-08,940.0,684.0,-5.41492463811289,1,712,1.0,8733.0,5925.0,-4.921700784121417,9.179274806545653
2025-03-09,981.0,739.0,-5.490731446530575,1,734,1.0,8681.0,5962.0,-5.006650215810319,9.193994010704138
2025-03-10,1713.0,1235.0,-5.4701999421315275,1,1219,1.0,9055.0,6263.0,-5.054317184355883,9.248005956106228
2025-03-11,2711.0,1990.0,-6.266591827880593,1,1956,1.0,10310.0,7281.0,-5.2551369129503,9.41867452003041
2025-03-12,1990.0,1427.0,-5.365231022245252,1,1416,1.0,10969.0,7764.0,-5.323940754006734,9.489775810983462
2025-03-13,1850.0,1305.0,-5.212955081464377,1,1302,1.0,11399.0,8176.0,-5.404198578957327,9.54950047205771
2025-03-14,1943.0,1453.0,-5.4113692865294585,1,1427,1.0,12128.0,8833.0,-5.518857606413525,9.638248952797825
2025-03-15,1328.0,981.0,-5.550958541245652,1,939,1.0,12516.0,9130.0,-5.538291021146776,9.673259598731018
2025-03-16,1208.0,902.0,-5.593049854616312,1,890,1.0,12743.0,9293.0,-5.552907936587595,9.692415103303682
2025-03-17,1697.0,1252.0,-5.495955024149653,1,1301,1.0,12727.0,9310.0,-5.556587234018757,9.694610499290405
2025-03-18,2605.0,1901.0,-6.361271536300386,1,1881,1.0,12621.0,9221.0,-5.570112906650157,9.686358503431666
2025-03-19,2480.0,1786.0,-6.040545538833038,1,1769,1.0,13111.0,9580.0,-5.66658640901984,9.734195890552858
2025-03-20,2504.0,1897.0,-5.761251368437233,1,1865,1.0,13765.0,10172.0,-5.744914450015961,9.801983875795345
2025-03-21,1933.0,1319.0,-5.6666040887849105,1,1299,1.0,13755.0,10038.0,-5.7813765646238835,9.792370443153915
2025-03-22,1182.0,826.0,-5.798406023519978,1,837,1.0,13609.0,9883.0,-5.816726204948787,9.780345187603379
2025-03-23,1395.0,1074.0,-6.4294218335924915,1,1073,1.0,13796.0,10055.0,-5.936207916231099,9.809545541893193
2025-03-24,2056.0,1507.0,-5.775929767402551,1,1449,1.0,14155.0,10310.0,-5.976204308124369,9.838586996330381
2025-03-25,2202.0,1654.0,-5.576817600131311,1,1628,1.0,13752.0,10063.0,-5.864139460100216,9.803133924950243
2025-03-26,1886.0,1261.0,-5.467710917513581,1,1261,1.0,13158.0,9538.0,-5.782305942768865,9.741374531422094
2025-03-27,1887.0,1345.0,-4.961282655812504,1,1319,1.0,12541.0,8986.0,-5.66802469810819,9.670336837469192
2025-03-28,1934.0,1290.0,-5.2043222988038265,1,1283,1.0,12542.0,8957.0,-5.601984442396605,9.660500711006906
2025-03-29,1298.0,936.0,-5.444715259920937,1,907,1.0,12658.0,9067.0,-5.5514571904538865,9.667652730672808
2025-03-30,1153.0,867.0,-5.557564785998538,1,878,1.0,12416.0,8860.0,-5.42690618365475,9.632105522412777
2025-03-31,1595.0,1108.0,-5.4224945200253005,1,1135,1.0,11955.0,8461.0,-5.376415434029428,9.580982374682955
2025-04-01,1781.0,1210.0,-5.5891936265350255,1,1188,1.0,11534.0,8017.0,-5.378183437801387,9.52726263698259
2025-04-02,1916.0,1332.0,-5.417766093787928,1,1314,1.0,11564.0,8088.0,-5.371048462983437,9.535365239316297
2025-04-03,1946.0,1480.0,-5.760945978470305,1,1443,1.0,11623.0,8223.0,-5.48528608050598,9.563340595745544
2025-04-04,1785.0,1347.0,-5.872455852162732,1,1299,1.0,11474.0,8280.0,-5.5807337309858225,9.579792386132281
2025-04-05,976.0,678.0,-5.259062814571318,1,676,1.0,11152.0,8022.0,-5.5542119530787355,9.54548889106153
2025-04-06,1476.0,1083.0,-5.558984012824902,1,1052,1.0,11475.0,8238.0,-5.554414699768216,9.572075726292413
2025-04-07,2178.0,1556.0,-5.768149320653765,1,1521,1.0,12058.0,8686.0,-5.603793957000853,9.629962329960005
2025-04-08,1815.0,1204.0,-4.979620556802894,1,1183,1.0,12092.0,8680.0,-5.516712089896264,9.620563217381434
2025-04-09,1672.0,1191.0,-5.006450635115059,1,1153,1.0,11848.0,8539.0,-5.457952738657283,9.598311560648344
2025-04-10,1677.0,1140.0,-5.069152875770808,1,1112,1.0,11579.0,8199.0,-5.359125152557354,9.547801948508079
2025-04-11,1603.0,1101.0,-5.152999542798249,1,1078,1.0,11397.0,7953.0,-5.256345679790999,9.507064793746736
2025-04-12,1279.0,878.0,-5.120540829051321,1,840,1.0,11700.0,8153.0,-5.236556824716715,9.52991956585087
2025-04-13,994.0,701.0,-5.619376419867105,1,708,1.0,11218.0,7771.0,-5.245184311437029,9.482801241641033
2025-04-14,1291.0,947.0,-5.002344563296699,1,933,1.0,10331.0,7162.0,-5.135783631814591,9.39026252979591
2025-04-15,1593.0,1142.0,-5.094909725132008,1,1135,1.0,10109.0,7100.0,-5.152253513004465,9.383216249482539
2025-04-16,1638.0,1192.0,-5.06677304052839,1,1176,1.0,10075.0,7101.0,-5.160870999492083,9.384218813452241
2025-04-17,1543.0,1108.0,-5.171684721163087,1,1074,1.0,9941.0,7069.0,-5.175518405976694,9.381167599488288
2025-04-18,1317.0,969.0,-5.3656388699778725,1,941,1.0,9655.0,6937.0,-5.20589545271664,9.365358372801358
2025-04-19,1049.0,843.0,-5.806436608194871,1,836,1.0,9425.0,6902.0,-5.303880564022862,9.370099435105761
2025-04-20,1140.0,913.0,-5.905241844341758,1,894,1.0,9571.0,7114.0,-5.3447184818049545,9.404432358704447
2025-04-21,1310.0,942.0,-5.218708669604939,1,924,1.0,9590.0,7109.0,-5.375627639848989,9.406820286782187
2025-04-22,1564.0,1126.0,-5.177755499678316,1,1082,1.0,9561.0,7093.0,-5.387462750498462,9.405750910383412
2025-04-23,1567.0,1140.0,-4.782552274621355,1,1122,1.0,9490.0,7041.0,-5.346859783940315,9.39433347810903
2025-04-24,1640.0,1185.0,-4.978636508638856,1,1165,1.0,9587.0,7118.0,-5.319281467865424,9.402450691890415
2025-04-25,1419.0,992.0,-5.143931382032928,1,970,1.0,9689.0,7141.0,-5.287608969587574,9.402509025113153
2025-04-26,947.0,687.0,-4.8787919368722115,1,676,1.0,9587.0,6985.0,-5.155088302255765,9.367172255592353
2025-04-27,1229.0,930.0,-5.526034847133136,1,928,1.0,9676.0,7002.0,-5.100915874083106,9.364185495063829
2025-04-28,1448.0,1011.0,-4.862459932955479,1,997,1.0,9814.0,7071.0,-5.050023197418897,9.368900924059368
2025-04-29,1530.0,1142.0,-5.197797875231732,1,1126,1.0,9780.0,7087.0,-5.052886393926528,9.37144713167757
2025-04-30,1998.0,1465.0,-4.265275411453576,1,1441,1.0,10211.0,7412.0,-4.978989699188275,9.408889464575546
2025-05-01,1407.0,1029.0,-5.130096453328366,1,1027,1.0,9978.0,7256.0,-5.000626834143918,9.389784482692528
2025-05-02,1604.0,1138.0,-5.60436597369018,1,1119,1.0,10163.0,7402.0,-5.066403204380669,9.416280922881164
2025-05-03,1217.0,829.0,-5.294060372591409,1,859,1.0,10433.0,7544.0,-5.125727266626269,9.441213097864576
2025-05-04,1202.0,906.0,-5.753776615339153,1,903,1.0,10406.0,7520.0,-5.1582618049414135,9.441280567320543
2025-05-05,1473.0,1017.0,-4.831500118556767,1,1015,1.0,10431.0,7526.0,-5.153838974313026,9.441635732465835
2025-05-06,1784.0,1239.0,-5.028266383777759,1,1252,1.0,10685.0,7623.0,-5.129620189819602,9.452018464316
2025-05-07,1777.0,1315.0,-5.630787133177752,1,1311,1.0,10464.0,7473.0,-5.3246932929230555,9.451654939337736
2025-05-08,1952.0,1423.0,-5.594988037661651,1,1422,1.0,11009.0,7867.0,-5.391106376399239,9.509669817148874
2025-05-09,1424.0,1011.0,-5.128506753138857,1,1000,1.0,10829.0,7740.0,-5.32312648774905,9.486598805979618
2025-05-10,902.0,636.0,-4.813234829188124,1,657,1.0,10514.0,7547.0,-5.254437124405724,9.454481618929012
2025-05-11,1010.0,745.0,-4.398600465959927,1,761,1.0,10322.0,7386.0,-5.060840531637262,9.413561030692463
2025-05-12,1550.0,1196.0,-4.430881475171047,1,1182,1.0,10399.0,7565.0,-5.003609296867873,9.431780734879762
2025-05-13,1589.0,1185.0,-5.014217513465731,1,1153,1.0,10204.0,7511.0,-5.001602315394726,9.424417252427572
2025-05-14,1483.0,1119.0,-4.743074552692231,1,1096,1.0,9910.0,7315.0,-4.874786232468224,9.38529763275758
2025-05-15,1694.0,1313.0,-5.3950519521541995,1,1304,1.0,9652.0,7205.0,-4.846223934538588,9.367291684761899
2025-05-16,1501.0,1098.0,-5.329523948835553,1,1090,1.0,9729.0,7292.0,-4.874940676780973,9.38216433066233
2025-05-17,1149.0,817.0,-5.469823542271318,1,802,1.0,9976.0,7473.0,-4.968739064364287,9.416059516481859
2025-05-18,1329.0,1022.0,-5.690566978734617,1,1011,1.0,10295.0,7750.0,-5.153305709046386,9.470907717186149
2025-05-19,1749.0,1189.0,-4.673184613823357,1,1188,1.0,10494.0,7743.0,-5.187920443139573,9.473465673270372
2025-05-20,1889.0,1203.0,-4.853131367473142,1,1229,1.0,10794.0,7761.0,-5.164908136569203,9.473486125585772
2025-05-21,2120.0,1484.0,-4.739560560467798,1,1505,1.0,11431.0,8126.0,-5.164406137679998,9.519387744521204
2025-05-22,2998.0,2264.0,-5.459108463509568,1,2239,1.0,12735.0,9077.0,-5.173557067873622,9.630964889803774
2025-05-23,2466.0,1822.0,-5.290970602871345,1,1780,1.0,13700.0,9801.0,-5.168049447021592,9.707146670171651
2025-05-24,1308.0,954.0,-5.347110263819713,1,951,1.0,13859.0,9938.0,-5.150518978671363,9.719273588835142
2025-05-25,1272.0,962.0,-5.5728716360730015,1,947,1.0,13802.0,9878.0,-5.133705358291132,9.711537106873587
2025-05-26,1619.0,1186.0,-4.957006992126439,1,1171,1.0,13672.0,9875.0,-5.17425141233443,9.715287991698514
2025-05-27,1753.0,1253.0,-4.623371027367828,1,1206,1.0,13536.0,9925.0,-5.1414285066050995,9.717055706807896
2025-05-28,2123.0,1583.0,-4.839008940260766,1,1535,1.0,13539.0,10024.0,-5.155635418004095,9.72840079397518
2025-05-29,2226.0,1661.0,-5.307543155979721,1,1643,1.0,12767.0,9421.0,-5.133983231214116,9.664200982381397
2025-05-30,1587.0,1111.0,-5.124647138778566,1,1108,1.0,11888.0,8710.0,-5.11022273634372,9.583364147453265
2025-05-31,1282.0,874.0,-4.741400424296991,1,855,1.0,11862.0,8630.0,-5.023692759269045,9.565484928146562
2025-06-01,1202.0,872.0,-5.2830024954655945,1,873,1.0,11792.0,8540.0,-4.9822828820394145,9.550861664150089
2025-06-02,1867.0,1461.0,-6.147088619981543,1,1422,1.0,12040.0,8815.0,-5.152294543161573,9.599552985708854
2025-06-03,1721.0,1350.0,-5.358471331097023,1,1342,1.0,12008.0,8912.0,-5.257308872265744,9.62099705135729
2025-06-04,1697.0,1267.0,-5.002724752849407,1,1236,1.0,11582.0,8596.0,-5.280696845492692,9.587238268723713
2025-06-05,1817.0,1322.0,-4.911015554580986,1,1286,1.0,11173.0,8257.0,-5.224050045292873,9.541342710975323
2025-06-06,1631.0,1173.0,-5.461598066004925,1,1155,1.0,11217.0,8319.0,-5.272185892039496,9.553636123019203
2025-06-07,1419.0,1089.0,-5.884275315585911,1,1076,1.0,11354.0,8534.0,-5.435453733652198,9.59547600859376
2025-06-08,1408.0,1085.0,-5.448469789364612,1,1082,1.0,11560.0,8747.0,-5.459091918494915,9.622489573646149
2025-06-09,1882.0,1347.0,-4.6185963591991115,1,1316,1.0,11575.0,8633.0,-5.2407358812402824,9.587536764239452
2025-06-10,2188.0,1577.0,-5.339855843781622,1,1543,1.0,12042.0,8860.0,-5.238076525909511,9.613222556638254
2025-06-11,1960.0,1377.0,-5.632004017659244,1,1354,1.0,12305.0,8970.0,-5.327973563739486,9.634549787933233
2025-06-12,2175.0,1463.0,-5.07572239636752,1,1429,1.0,12663.0,9111.0,-5.351503112566135,9.652497816383631
2025-06-13,3034.0,2034.0,-4.701100660969024,1,1985,1.0,14066.0,9972.0,-5.242860626132435,9.731922783015111
2025-06-14,,,,0,14,,,,,
2025-06-15,,,,0,16,,,,,
2025-06-16,,,,0,27,,,,,
2025-06-17,,,,0,24,,,,,
2025-06-18,,,,0,15,,,,,
2025-06-19,,,,0,4,,,,,
2025-06-20,,,,0,9,,,,,
2025-06-21,,,,0,8,,,,,
2025-06-22,,,,0,25,,,,,
2025-06-23,,,,0,13,,,,,
2025-06-24,,,,0,7,,,,,
2025-06-25,,,,0,21,,,,,
2025-06-26,,,,0,22,,,,,
2025-06-27,,,,0,24,,,,,
2025-06-28,,,,0,28,,,,,
2025-06-29,,,,0,12,,,,,
2025-06-30,,,,0,16,,,,,
2025-07-01,,,,0,18,,,,,
2025-07-02,1732.0,1247.0,-4.881840602217208,1,1215,1.0,,,,
2025-07-03,1744.0,1249.0,-4.797634886888691,1,1244,1.0,,,,
2025-07-04,1669.0,1308.0,-5.331309887844475,1,1286,1.0,,,,
2025-07-05,1175.0,952.0,-5.996475482614579,1,943,1.0,,,,
2025-07-06,1326.0,1029.0,-5.644663114590557,1,1040,1.0,,,,
2025-07-07,1711.0,1290.0,-5.370538364595201,1,1277,1.0,,,,
2025-07-08,1779.0,1323.0,-5.203642721932583,1,1315,1.0,11136.0,8398.0,-5.318015008669042,9.567669430992533
2025-07-09,1623.0,1157.0,-5.14507299300008,1,1155,1.0,11027.0,8308.0,-5.355619635923738,9.560656507257354
2025-07-10,1802.0,1305.0,-5.121977754684756,1,1278,1.0,11085.0,8364.0,-5.401954331323176,9.572007046553242
2025-07-11,1720.0,1239.0,-5.476407047399063,1,1225,1.0,11136.0,8295.0,-5.422682496973832,9.565796999606746
2025-07-12,1236.0,929.0,-6.310947970676586,1,922,1.0,11197.0,8272.0,-5.467607138125547,9.567513193002737
2025-07-13,1363.0,1074.0,-6.171233101680976,1,1046,1.0,11234.0,8317.0,-5.542831421995607,9.580460262502417
2025-07-14,1672.0,1295.0,-5.700952771941656,1,1283,1.0,11195.0,8322.0,-5.590033480187957,9.58578139376489
2025-07-15,1705.0,1227.0,-5.119259270045911,1,1232,1.0,11121.0,8226.0,-5.577978701347004,9.572974577303631
2025-07-16,1993.0,1492.0,-5.593169594659546,1,1462,1.0,11491.0,8561.0,-5.64199250158407,9.619288336863297
2025-07-17,1900.0,1490.0,-5.543703435246129,1,1452,1.0,11589.0,8746.0,-5.702239027378552,9.646689966157709
2025-07-18,1742.0,1354.0,-5.496541815887267,1,1328,1.0,11611.0,8861.0,-5.705115422876867,9.660039294047122
2025-07-19,1182.0,947.0,-5.670528514899196,1,946,1.0,11557.0,8879.0,-5.613626929194383,9.652919528905654
2025-07-20,1289.0,903.0,-6.232887027837444,1,890,1.0,11483.0,8708.0,-5.622434632931021,9.634355715985842
2025-07-21,1889.0,1379.0,-5.688933117112561,1,1357,1.0,11700.0,8792.0,-5.620717539384008,9.643782983317402
2025-07-22,1836.0,1282.0,-5.535169314103476,1,1235,1.0,11831.0,8847.0,-5.68013325996366,9.655960049758482
2025-07-23,1796.0,1310.0,-5.978690861393627,1,1302,1.0,11634.0,8665.0,-5.735207726639958,9.64068337496385
2025-07-24,2325.0,1741.0,-5.88325982653531,1,1717,1.0,12059.0,8916.0,-5.783715782538413,9.67408642438872
2025-07-25,2125.0,1465.0,-5.274340684179754,1,1471,1.0,12442.0,9027.0,-5.751972763723053,9.683283414309733
2025-07-26,1502.0,1094.0,-5.727366037059924,1,1079,1.0,12762.0,9174.0,-5.760092409746014,9.700246913897372
2025-07-27,1362.0,1002.0,-5.412946288873937,1,996,1.0,12835.0,9273.0,-5.642958018465513,9.699265866797958
2025-07-28,1821.0,1296.0,-5.3591533876658985,1,1283,1.0,12767.0,9190.0,-5.595846628544561,9.685564686212567
2025-07-29,2109.0,1415.0,-5.188209351693948,1,1406,1.0,13040.0,9323.0,-5.546280919628914,9.69497509211854
2025-07-30,1792.0,1205.0,-5.0254507024825426,1,1207,1.0,13036.0,9218.0,-5.410103754070188,9.670032226205613
2025-07-31,1896.0,1288.0,-4.7714072677457064,1,1284,1.0,12607.0,8765.0,-5.251267674243102,9.603762648403066
2025-08-01,2018.0,1336.0,-4.513122997867165,1,1304,1.0,12500.0,8636.0,-5.14252229048416,9.578062808328703
2025-08-02,1025.0,722.0,-5.099926371642888,1,720,1.0,12023.0,8264.0,-5.052888052567441,9.52507381551187
2025-08-03,1110.0,789.0,-5.9089452971295735,1,782,1.0,11771.0,8051.0,-5.123745053746817,9.506050292134365
2025-08-04,1468.0,1003.0,-5.682278677465402,1,998,1.0,11418.0,7758.0,-5.1699058094324615,9.473599319837195
2025-08-05,1398.0,960.0,-5.055922212923738,1,959,1.0,10707.0,7303.0,-5.151007646751002,9.411278186949906
2025-08-06,1620.0,1109.0,-5.782612077587838,1,1086,1.0,10535.0,7207.0,-5.25917355748033,9.408864155036207
2025-08-07,1752.0,1271.0,-5.5926678990757255,1,1280,1.0,10391.0,7190.0,-5.37649650481319,9.418235173583813
2025-08-08,1897.0,1311.0,-5.164289902014806,1,1295,1.0,10270.0,7165.0,-5.469520348262853,9.424054932691185
2025-08-09,1341.0,927.0,-5.838749434576862,1,925,1.0,10586.0,7370.0,-5.575066500110564,9.462815311200345
2025-08-10,1332.0,921.0,-5.987695975458344,1,939,1.0,10808.0,7502.0,-5.586316597014673,9.481689879247195
2025-08-11,2020.0,1493.0,-5.559031477162487,1,1462,1.0,11360.0,7992.0,-5.568709854114258,9.543192423037445
2025-08-12,1820.0,1299.0,-5.580036759170269,1,1291,1.0,11782.0,8331.0,-5.643583360720904,9.592217138452952
2025-08-13,1601.0,1117.0,-5.515400230290429,1,1118,1.0,11763.0,8339.0,-5.6054102396784184,9.589359519320634
2025-08-14,1382.0,984.0,-5.079198246529288,1,953,1.0,11393.0,8052.0,-5.532057432171784,9.547005715012723
2025-08-15,1408.0,1015.0,-5.156120054547665,1,1011,1.0,10904.0,7756.0,-5.530890311105049,9.509439971601376
2025-08-16,963.0,688.0,-6.011532475653508,1,669,1.0,10526.0,7517.0,-5.555573602687426,9.480612784392866
2025-08-17,1072.0,728.0,-5.675903501947494,1,732,1.0,10266.0,7324.0,-5.511031820757305,9.450151615960998
2025-08-18,1593.0,1108.0,-5.439791545758006,1,1096,1.0,9839.0,6939.0,-5.4939975448423795,9.394456807985089
2025-08-19,1674.0,1178.0,-5.373410758008966,1,1175,1.0,9693.0,6818.0,-5.464479544676479,9.373916066988302
2025-08-20,1704.0,1102.0,-5.550953662399782,1,1093,1.0,9796.0,6803.0,-5.4695586064063875,9.37222181415639
2025-08-21,1882.0,1230.0,-5.764873194257785,1,1226,1.0,10296.0,7049.0,-5.567512170367601,9.417534112843075
2025-08-22,1484.0,1019.0,-5.829038313996167,1,1015,1.0,10372.0,7053.0,-5.663643350288815,9.42771444582488
2025-08-23,891.0,608.0,-5.565234450360893,1,598,1.0,10300.0,6973.0,-5.599886489532728,9.409932876188869
2025-08-24,1020.0,691.0,-5.792536660057005,1,688,1.0,10248.0,6936.0,-5.616548369262658,9.406279520311568
2025-08-25,2019.0,1532.0,-5.61086279553468,1,1537,1.0,10674.0,7360.0,-5.640987119230753,9.468049783981781
2025-08-26,1989.0,1489.0,-5.755158545447803,1,1500,1.0,10989.0,7671.0,-5.695522517436302,9.514884868306904
2025-08-27,1785.0,1252.0,-5.644696451708207,1,1231,1.0,11070.0,7821.0,-5.7089143444803625,9.535586989763496
2025-08-28,1876.0,1326.0,-5.491053292496905,1,1316,1.0,11064.0,7917.0,-5.66979721565738,9.543873649231815
2025-08-29,1621.0,1141.0,-5.41853165910002,1,1116,1.0,11201.0,8039.0,-5.611153407815073,9.553299702954519
2025-08-30,1421.0,995.0,-5.79466158019301,1,973,1.0,11731.0,8426.0,-5.6439287120768045,9.603588986980034
2025-08-31,1316.0,921.0,-5.451062791922388,1,911,1.0,12027.0,8656.0,-5.595146730914716,9.625638194307246
2025-09-01,1588.0,1141.0,-5.643970936622096,1,1119,1.0,11596.0,8265.0,-5.599876465355775,9.579893641607256
2025-09-02,1574.0,1074.0,-5.187870711249625,1,1054,1.0,11181.0,7850.0,-5.518835346184607,9.520279725816717
2025-09-03,1456.0,960.0,-5.378788965014974,1,961,1.0,10852.0,7558.0,-5.480848562371288,9.478579041529306
2025-09-04,1472.0,1008.0,-5.480656017958259,1,986,1.0,10448.0,7240.0,-5.479363237437196,9.43545092113254
2025-09-05,1418.0,970.0,-5.469986368500493,1,961,1.0,10245.0,7069.0,-5.486713910208692,9.412287149911489
2025-09-06,1170.0,794.0,-5.982463346079669,1,800,1.0,9994.0,6868.0,-5.513542733906787,9.386128087604561
2025-09-07,1336.0,886.0,-6.0919344934355335,1,879,1.0,10014.0,6833.0,-5.60509583412295,9.39017501608753
2025-09-08,1704.0,1163.0,-5.931467763056388,1,1192,1.0,10130.0,6855.0,-5.646166809327849,9.3974961412104
2025-09-09,2088.0,1469.0,-5.5404871129466375,1,1459,1.0,10644.0,7250.0,-5.6965405809988505,9.458548727471479
2025-09-10,2237.0,1527.0,-5.17864611185696,1,1523,1.0,11425.0,7817.0,-5.66794874483342,9.530978920836242
2025-09-11,1941.0,1421.0,-5.3383627250424155,1,1408,1.0,11894.0,8230.0,-5.6476211315597284,9.580424906128618
2025-09-12,1647.0,1105.0,-5.290564794393658,1,1113,1.0,12123.0,8365.0,-5.621989478115894,9.594130099813734
2025-09-13,1127.0,774.0,-5.246363695282155,1,790,1.0,12080.0,8345.0,-5.516832385144821,9.58122089966598
2025-09-14,1074.0,769.0,-5.51194283156529,1,757,1.0,11818.0,8228.0,-5.4339764334490726,9.55881742295062
2025-09-15,1576.0,1069.0,-4.9595117258998505,1,1050,1.0,11690.0,8134.0,-5.295125570998138,9.533443576752951
2025-09-16,1922.0,1347.0,-5.20172818389199,1,1327,1.0,11524.0,8012.0,-5.246731438276045,9.513493645605674
2025-09-17,1687.0,1155.0,-5.480836680476789,1,1133,1.0,10974.0,7640.0,-5.28990151950745,9.470273915598312
2025-09-18,2060.0,1449.0,-5.3617451980891415,1,1433,1.0,11093.0,7668.0,-5.29324187279984,9.474265695044844
2025-09-19,1584.0,1105.0,-4.909331263113879,1,1081,1.0,11030.0,7668.0,-5.238779939759871,9.468819501740846
2025-09-20,1077.0,794.0,-5.6849095781761765,1,782,1.0,10980.0,7688.0,-5.301429351601874,9.477688950192368
2025-09-21,1346.0,907.0,-5.298579210727364,1,899,1.0,11252.0,7826.0,-5.270948834339313,9.49242945723877
2025-09-22,2065.0,1309.0,-5.059518848648802,1,1295,1.0,11741.0,8066.0,-5.285235566160591,9.524060501553034
2025-09-23,1841.0,1191.0,-4.794344971321698,1,1184,1.0,11660.0,7910.0,-5.227037964364835,9.498713271457879
2025-09-24,1643.0,1196.0,-5.120750362274774,1,1178,1.0,11616.0,7951.0,-5.175597061764548,9.498738454512864
2025-09-25,1787.0,1245.0,-4.796888591871027,1,1205,1.0,11343.0,7747.0,-5.0949032608762455,9.464680350614511
2025-09-26,1741.0,1097.0,-4.692999679290192,1,1083,1.0,11500.0,7739.0,-5.063998748901433,9.460556841473915
2025-09-27,1245.0,827.0,-5.30008294331842,1,829,1.0,11668.0,7772.0,-5.009023515350326,9.459313820765251
2025-09-28,1065.0,743.0,-4.869505121276467,1,741,1.0,11387.0,7608.0,-4.94772721685734,9.431859757862258
2025-09-29,1526.0,1013.0,-4.213827398185264,1,1022,1.0,10848.0,7312.0,-4.826914152505407,9.380100280521491
2025-09-30,1645.0,1076.0,-4.346586865354877,1,1092,1.0,10652.0,7197.0,-4.76294870879586,9.357853359518563
2025-10-01,1614.0,1085.0,-4.622329366606848,1,1096,1.0,10623.0,7086.0,-4.691745709414727,9.335191969751728
2025-10-02,2139.0,1425.0,-4.5407795609702255,1,1427,1.0,10975.0,7266.0,-4.655158705000328,9.35661470111667
2025-10-03,2177.0,1346.0,-5.156229356473473,1,1338,1.0,11411.0,7515.0,-4.721334373169368,9.396922797850294
2025-10-04,1586.0,1017.0,-4.9135370982113535,1,1006,1.0,11752.0,7705.0,-4.666113538154073,9.41636587900151
2025-10-05,1481.0,1001.0,-5.170397227790284,1,1018,1.0,12168.0,7963.0,-4.709098124798904,9.453596477663977
2025-10-06,2058.0,1435.0,-4.943502627347652,1,1405,1.0,12700.0,8385.0,-4.813337443250673,9.515652672055774
2025-10-07,2859.0,2080.0,-5.911881634008332,1,2053,1.0,13914.0,9389.0,-5.0369509816297375,9.651095670365281
2025-10-08,1927.0,1401.0,-4.717258437468733,1,1372,1.0,14227.0,9705.0,-5.05051227746715,9.685550757711876
2025-10-09,1930.0,1348.0,-3.7870281475765464,1,1320,1.0,14018.0,9628.0,-4.942833504125196,9.666818007652804
2025-10-10,1699.0,1159.0,-3.518770614579971,1,1152,1.0,13540.0,9441.0,-4.708910826711838,9.623814183777416
2025-10-11,1141.0,789.0,-4.568431236887368,1,788,1.0,13095.0,9213.0,-4.659609989379841,9.594440344433846
2025-10-12,1332.0,973.0,-4.765201831517877,1,971,1.0,12946.0,9185.0,-4.601724932769497,9.58560835816269
2025-10-13,2170.0,1668.0,-4.454323940420434,1,1673,1.0,13058.0,9418.0,-4.531842263208466,9.603668431143664
2025-10-14,2019.0,1537.0,-4.541630663353013,1,1521,1.0,12218.0,8875.0,-4.33609212454342,9.524715496506827
2025-10-15,1675.0,1266.0,-4.872583547833952,1,1274,1.0,11966.0,8740.0,-4.358281426024165,9.511608021182903
2025-10-16,1713.0,1271.0,-4.873513615096607,1,1262,1.0,11749.0,8663.0,-4.513493635669889,9.518281152247814
2025-10-17,1504.0,1090.0,-4.7563764762681755,1,1074,1.0,11554.0,8594.0,-4.690294473053918,9.527965365122341
2025-10-18,1059.0,712.0,-5.065548303483846,1,704,1.0,11472.0,8517.0,-4.7613111968534145,9.5260679701685
2025-10-19,1561.0,1205.0,-6.185236545542878,1,1219,1.0,11701.0,8749.0,-4.964173298856986,9.57322630923736
2025-10-20,1688.0,1307.0,-5.5560869270240465,1,1285,1.0,11219.0,8388.0,-5.121568011228931,9.546833403969188
2025-10-21,1637.0,1232.0,-4.901521040912052,1,1232,1.0,10837.0,8083.0,-5.172980922308795,9.514940170754391
2025-10-22,1293.0,950.0,-4.660527844110311,1,906,1.0,10455.0,7767.0,-5.142687250348273,9.47203673500599
2025-10-23,1280.0,884.0,-4.555941032768143,1,864,1.0,10022.0,7380.0,-5.097319738587065,9.416396383628758
2025-10-24,1109.0,731.0,-4.774191197723257,1,727,1.0,9627.0,7021.0,-5.099864698794933,9.36678982660787
2025-10-25,897.0,649.0,-4.545858372299875,1,642,1.0,9465.0,6958.0,-5.025623280054367,9.350353392850288
2025-10-26,1042.0,722.0,-3.77284369896904,1,707,1.0,8946.0,6475.0,-4.680995730543819,9.243957887851908
2025-10-27,1174.0,846.0,-4.140059176424388,1,850,1.0,8432.0,6014.0,-4.478706051886724,9.149882233597452
2025-10-28,1573.0,1171.0,-5.39480854160469,1,1149,1.0,8368.0,5953.0,-4.549175694842815,9.146736111060005
2025-10-29,1611.0,1208.0,-5.929758367182009,1,1208,1.0,8686.0,6211.0,-4.730494340995915,9.20728761836817
2025-10-30,1274.0,950.0,-5.074917287459096,1,945,1.0,8680.0,6277.0,-4.804633805951765,9.225270117997075
2025-10-31,1085.0,771.0,-4.867592899860176,1,757,1.0,8656.0,6317.0,-4.817976906257039,9.232955671987735
2025-11-01,709.0,522.0,-5.175389285479694,1,511,1.0,8468.0,6190.0,-4.907909893854156,9.221642892904647
2025-11-02,830.0,546.0,-4.989859315840981,1,553,1.0,8256.0,6014.0,-5.081769267693005,9.21018855517808
2025-11-03,1319.0,967.0,-5.489943211497147,1,952,1.0,8401.0,6135.0,-5.274609844131971,9.249389327460289
2025-11-04,1072.0,790.0,-5.140443354103648,1,788,1.0,7900.0,5754.0,-5.2382719602032495,9.181651517176308
2025-11-05,1070.0,824.0,-4.9673757984570175,1,825,1.0,7359.0,5370.0,-5.10078873609968,9.098848263515428
2025-11-06,1368.0,1056.0,-5.240652480092449,1,1071,1.0,7453.0,5476.0,-5.124465192190159,9.120759304002737
2025-11-07,1105.0,787.0,-5.033050800442795,1,787,1.0,7473.0,5492.0,-5.148102035130534,9.126040036855674
2025-11-08,985.0,778.0,-5.965939341171066,1,783,1.0,7749.0,5748.0,-5.261037757372158,9.182884981360507
2025-11-09,851.0,652.0,-5.0263743767386755,1,647,1.0,7770.0,5854.0,-5.266254194643257,9.201676695496143
2025-11-10,1251.0,920.0,-5.203798374496293,1,905,1.0,7702.0,5807.0,-5.225376360785992,9.189529192583231
2025-11-11,1188.0,918.0,-4.956870976780211,1,887,1.0,7818.0,5935.0,-5.199151735454072,9.208705958392622
2025-11-12,1186.0,900.0,-5.154844337843939,1,880,1.0,7934.0,6011.0,-5.22593295536649,9.224106046409513
2025-11-13,1166.0,920.0,-4.980490598858119,1,903,1.0,7732.0,5875.0,-5.188766972333014,9.197508234527069
2025-11-14,1013.0,809.0,-4.881765399062516,1,800,1.0,7640.0,5897.0,-5.167154772135832,9.199084066588805
2025-11-15,687.0,464.0,-4.467460476097361,1,459,1.0,7342.0,5583.0,-4.953086362839588,9.122969280726167
2025-11-16,740.0,531.0,-4.941983430088986,1,535,1.0,7231.0,5462.0,-4.9410305133182035,9.099856419727537
2025-11-17,1092.0,722.0,-4.838811583925527,1,725,1.0,7072.0,5264.0,-4.888889543236665,9.057725378891742
2025-11-18,1207.0,840.0,-4.828446012158742,1,854,1.0,7091.0,5186.0,-4.870543119719313,9.040965086323332
2025-11-19,1019.0,715.0,-5.2127631614512495,1,719,1.0,6924.0,5001.0,-4.8788172373775,9.005474835175315
2025-11-20,1376.0,1044.0,-5.528243318622193,1,1031,1.0,7134.0,5125.0,-4.957067625915225,9.03778766951554
2025-11-21,1146.0,852.0,-4.862962047582382,1,853,1.0,7267.0,5168.0,-4.954381432846634,9.045872668480703
2025-11-22,733.0,593.0,-5.310034386874313,1,593,1.0,7313.0,5297.0,-5.0747491343862,9.082559583270633
2025-11-23,965.0,720.0,-5.990066080435471,1,720,1.0,7538.0,5486.0,-5.2244752272928405,9.132584459788259
2025-11-24,1429.0,1079.0,-5.374373759769327,1,1050,1.0,7875.0,5843.0,-5.30098410955624,9.203269183826214
2025-11-25,1184.0,876.0,-4.977633049503149,1,860,1.0,7852.0,5879.0,-5.322296543462584,9.21154169523893
2025-11-26,1251.0,922.0,-5.1534516640130414,1,904,1.0,8084.0,6086.0,-5.313823472399982,9.245292975733921
2025-11-27,1065.0,818.0,-5.698604338616481,1,816,1.0,7773.0,5860.0,-5.338160760970595,9.209891592573488
2025-11-28,1259.0,967.0,-5.963340600763163,1,955,1.0,7886.0,5975.0,-5.495357697139278,9.24504249652658
2025-11-29,958.0,749.0,-5.8577372079245,1,735,1.0,8111.0,6131.0,-5.5736009572893055,9.278636335720634
2025-11-30,965.0,690.0,-5.355775420127879,1,680,1.0,8111.0,6101.0,-5.482988005816791,9.264670665858294
2025-12-01,1164.0,838.0,-5.55002757120416,1,812,1.0,7846.0,5860.0,-5.508081407450339,9.226883657221462
2025-12-02,1303.0,957.0,-5.896045675702831,1,939,1.0,7965.0,5941.0,-5.639283211193151,9.253729377141868
2025-12-03,1139.0,866.0,-5.170732565813667,1,876,1.0,7853.0,5885.0,-5.641751911450383,9.244507119938456
2025-12-04,1283.0,953.0,-5.372708497542187,1,939,1.0,8071.0,6020.0,-5.595195362725484,9.262528173736996
2025-12-05,1062.0,763.0,-4.70239611939783,1,753,1.0,7874.0,5816.0,-5.41506043681615,9.210045987592377
2025-12-06,609.0,437.0,-5.312272392451834,1,429,1.0,7525.0,5504.0,-5.337136891748627,9.147125738331644
2025-12-07,682.0,484.0,-4.31144498801225,1,483,1.0,7242.0,5298.0,-5.187946830017823,9.094068085494545
2025-12-08,1316.0,1037.0,-5.350526222403456,1,1017,1.0,7394.0,5497.0,-5.159446637332008,9.128084332458393
2025-12-09,1232.0,980.0,-5.385788115253797,1,965,1.0,7323.0,5520.0,-5.0865527001250035,9.124969552296545
2025-12-10,1190.0,819.0,-4.690061949472956,1,796,1.0,7374.0,5473.0,-5.017885469219188,9.109553436522543
2025-12-11,1163.0,845.0,-5.187552672993795,1,842,1.0,7254.0,5365.0,-4.991434637140846,9.086981494699653
2025-12-12,1059.0,765.0,-4.924029566362007,1,767,1.0,7251.0,5367.0,-5.023096558135728,9.09052033446509
2025-12-13,815.0,622.0,-5.268268386674758,1,619,1.0,7457.0,5552.0,-5.016810271596145,9.123774628401222
2025-12-14,841.0,645.0,-5.852004373970514,1,639,1.0,7616.0,5713.0,-5.236890183875898,9.174363601178309
2025-12-15,1457.0,1072.0,-5.825247623742806,1,1054,1.0,7757.0,5748.0,-5.304707526924376,9.187251958315729
2025-12-16,1299.0,994.0,-5.5528418979124075,1,959,1.0,7824.0,5762.0,-5.328572353018464,9.192070686738514
2025-12-17,1375.0,998.0,-5.675902496959425,1,988,1.0,8009.0,5941.0,-5.469406716945102,9.236741727717064
2025-12-18,1207.0,851.0,-5.714823596268715,1,828,1.0,8053.0,5947.0,-5.544731134555804,9.245283421035627
2025-12-19,1152.0,811.0,-5.236123870700094,1,790,1.0,8146.0,5993.0,-5.589316035175531,9.257445851394163
2025-12-20,782.0,575.0,-5.856924362969753,1,563,1.0,8113.0,5946.0,-5.6734097460748165,9.257983144314077
2025-12-21,804.0,609.0,-6.050960010323852,1,596,1.0,8076.0,5910.0,-5.70183197983958,9.254753498808327
2025-12-22,1083.0,803.0,-5.276544025608996,1,803,1.0,7702.0,5641.0,-5.62344575153475,9.200338466715417
2025-12-23,1381.0,959.0,-6.553861643114779,1,943,1.0,7784.0,5606.0,-5.7664485722779455,9.208415953351468
2025-12-24,1240.0,913.0,-6.3664980511031395,1,912,1.0,7649.0,5521.0,-5.8651050800127615,9.203005900491375
2025-12-25,714.0,562.0,-5.393950081192165,1,557,1.0,7156.0,5232.0,-5.819266006430397,9.144666607015248
2025-12-26,894.0,701.0,-5.846086048299136,1,703,1.0,6898.0,5122.0,-5.9064034603731175,9.132135829976514
2025-12-27,810.0,608.0,-5.738534288321764,1,593,1.0,6926.0,5155.0,-5.889490592566262,9.136865423315705
2025-12-28,722.0,534.0,-5.747444273979655,1,527,1.0,6844.0,5080.0,-5.846131201659948,9.117876491759727
2025-12-29,1110.0,698.0,-4.425947688080327,1,683,1.0,6871.0,4975.0,-5.7246174391558515,9.0848433783346
2025-12-30,1184.0,784.0,-4.626255812304334,1,779,1.0,6674.0,4800.0,-5.449245177611504,9.021504026292092
2025-12-31,998.0,705.0,-5.173865793747162,1,699,1.0,6432.0,4592.0,-5.278869140846363,8.96017559841043
2026-01-01,673.0,458.0,-5.3946085449867285,1,458,1.0,6391.0,4488.0,-5.278963207102729,8.937281559492204
2026-01-02,899.0,641.0,-5.5405775200281004,1,614,1.0,6396.0,4428.0,-5.235319131635438,8.919461017086741
2026-01-03,549.0,379.0,-4.869351187055379,1,371,1.0,6135.0,4199.0,-5.111150117168812,8.853954815988342
2026-01-04,557.0,378.0,-4.8250033705194815,1,367,1.0,5970.0,4043.0,-4.979372845245931,8.802926864664954
2026-01-05,835.0,600.0,-5.71957637726168,1,590,1.0,5695.0,3945.0,-5.16417694370041,8.796875380952601
2026-01-06,945.0,644.0,-5.05823025541054,1,627,1.0,5456.0,3805.0,-5.225887578429868,8.766922805699082
2026-01-07,966.0,677.0,-5.491026202375923,1,661,1.0,5424.0,3777.0,-5.271196208233976,8.764069668884853
