date,temperature_2m,precipitation,rain,pressure_msl,cloud_cover,wind_speed_10m,wind_gusts_10m,wind_direction_10m,weather_code
2024-01-01,16.615,53.1,53.1,988.7,69.6,34.0,46.5,162.5638888888889,65
2024-01-02,17.47222222222222,22.6,22.6,976.5,67.79166666666667,38.5,55.6,158.90555555555557,63
2024-01-03,16.725555555555555,19.599999999999998,19.599999999999998,988.3,51.488888888888894,32.4,50.0,182.525,63
2024-01-04,16.620555555555555,30.3,30.3,991.3,55.5,31.8,46.8,173.51944444444445,65
2024-01-05,16.435,8.1,8.1,989.8,60.333333333333336,28.6,43.2,185.28333333333333,61
2024-01-06,15.962222222222222,24.3,24.3,996.8,51.85555555555556,37.9,55.4,161.4027777777778,63
2024-01-07,15.248888888888889,15.4,15.4,1004.1,53.57222222222222,36.8,50.3,114.94166666666666,63
2024-01-08,15.058055555555557,24.5,24.5,1007.2,74.50277777777778,36.8,48.8,130.3,73
2024-01-09,14.91777777777778,28.3,28.3,1007.6,53.927777777777784,32.4,44.7,140.33333333333334,73
2024-01-10,14.44111111111111,24.2,24.2,1007.5,46.141666666666666,25.5,35.2,138.90555555555557,71
2024-01-11,14.930277777777778,15.600000000000001,15.600000000000001,1008.1,48.397222222222226,22.9,32.1,131.91666666666666,63
2024-01-12,15.863333333333333,49.0,49.0,1008.5,56.49444444444445,23.2,31.7,126.76388888888889,65
2024-01-13,15.689166666666667,6.1000000000000005,6.1000000000000005,1008.9,53.955555555555556,24.6,33.0,141.05555555555557,61
2024-01-14,15.956666666666667,7.4,7.4,1008.3,55.9,22.9,30.7,185.25833333333333,61
2024-01-15,15.243611111111111,26.5,26.5,1007.7,50.0,27.0,36.7,158.44166666666666,63
2024-01-16,15.404444444444444,37.8,37.8,990.9,55.472222222222214,33.3,44.5,155.2888888888889,63
2024-01-17,16.126944444444444,24.4,24.3,987.1,55.72222222222222,33.6,46.1,146.63888888888886,71
2024-01-18,15.627777777777776,20.6,20.6,993.9,46.25833333333333,28.5,43.5,155.61944444444444,63
2024-01-19,15.76,49.5,49.5,1007.5,59.077777777777776,31.4,42.0,151.1,63
2024-01-20,15.525555555555554,20.6,20.6,1009.2,72.37222222222222,26.9,37.5,166.225,63
2024-01-21,16.35388888888889,6.5,6.5,1000.7,73.70277777777778,39.5,53.3,160.76666666666668,61
2024-01-22,15.335833333333333,19.6,19.6,997.2,61.28333333333333,40.6,57.1,167.95277777777775,73
2024-01-23,15.179444444444444,7.4,7.4,1010.6,57.50833333333333,33.8,45.3,172.37777777777777,61
2024-01-24,15.552222222222222,10.5,10.5,1010.8,52.87777777777777,34.0,49.0,164.14722222222224,63
2024-01-25,15.753055555555555,6.9,6.9,1011.7,46.547222222222224,26.7,35.2,161.62777777777777,61
2024-01-26,15.918611111111112,3.1,3.1,1011.5,41.077777777777776,28.3,37.3,155.75555555555556,55
2024-01-27,15.202499999999999,5.1,5.1,1010.2,58.56666666666667,24.1,32.3,141.31666666666666,61
2024-01-28,15.61138888888889,6.4,6.4,1011.1,66.74722222222222,24.8,34.2,137.42222222222225,61
2024-01-29,16.40861111111111,7.5,7.5,1010.6,72.71111111111112,26.0,36.2,129.28611111111113,61
2024-01-30,16.2675,6.5,6.5,1010.8,60.888888888888886,25.9,35.2,156.98611111111111,63
2024-01-31,16.405833333333334,14.6,14.6,1010.9,60.19444444444444,25.0,35.8,140.36111111111111,63
2024-02-01,16.06083333333333,9.3,9.3,1010.8,69.54166666666667,22.9,30.9,157.01666666666668,61
2024-02-02,16.237222222222222,5.7,5.7,1009.7,65.73611111111111,23.9,32.3,144.26388888888889,61
2024-02-03,16.55611111111111,7.7,7.7,1009.9,62.62222222222222,24.8,33.2,164.70833333333334,63
2024-02-04,16.612222222222222,12.0,12.0,1010.3,61.49166666666667,21.7,34.6,174.12777777777777,63
2024-02-05,16.153055555555557,0.5,0.5,1011.3,65.42222222222223,28.1,38.1,173.39166666666668,51
2024-02-06,16.380277777777778,16.7,16.7,1003.7,63.45,32.3,43.7,173.59722222222223,71
2024-02-07,15.725833333333332,13.0,13.0,1002.5,76.14444444444445,34.7,48.8,139.00833333333333,63
2024-02-08,16.074444444444445,31.9,31.9,979.4,74.19166666666666,45.5,66.3,137.825,63
2024-02-09,16.502777777777776,19.4,19.4,976.3,59.88888888888889,31.9,45.1,159.32777777777775,63
2024-02-10,16.46138888888889,5.4,5.4,979.7,50.97222222222222,30.2,41.4,168.4611111111111,63
2024-02-11,16.5025,22.3,22.3,982.4,51.42777777777778,34.6,48.4,157.99444444444444,63
2024-02-12,16.578611111111112,15.8,15.8,998.7,56.63333333333333,30.6,41.4,177.02222222222224,63
2024-02-13,17.46527777777778,7.9,7.9,1006.8,62.18055555555556,26.3,36.3,171.2611111111111,63
2024-02-14,17.96138888888889,14.3,14.3,1008.5,68.16388888888888,26.9,36.2,158.675,63
2024-02-15,17.106944444444444,19.6,19.6,1005.7,68.93888888888888,28.0,36.5,151.58055555555555,63
2024-02-16,16.505277777777778,2.3000000000000003,2.3000000000000003,1006.0,66.2388888888889,25.6,34.2,161.5888888888889,61
2024-02-17,17.349722222222223,2.7,2.7,1009.1,63.075,21.0,27.4,162.54722222222225,55
2024-02-18,18.256111111111114,15.4,15.4,1007.7,50.41111111111111,25.7,33.0,182.85277777777776,63
2024-02-19,17.578611111111112,2.2,2.2,1009.1,65.25277777777778,23.6,30.1,179.25277777777777,61
2024-02-20,17.063333333333336,20.9,20.9,1008.3,58.23055555555556,23.8,32.1,155.05555555555557,63
2024-02-21,17.141111111111112,19.1,19.1,998.4,60.522222222222226,29.3,39.7,143.65833333333333,63
2024-02-22,16.233333333333334,11.5,11.5,974.9,63.80833333333333,37.0,51.9,160.89444444444445,63
2024-02-23,15.418888888888889,17.8,17.8,984.1,65.58888888888889,33.1,44.9,159.98333333333332,73
2024-02-24,15.399722222222222,16.0,16.0,990.5,56.738888888888894,32.7,45.1,169.88333333333333,71
2024-02-25,15.796111111111111,12.4,12.4,984.1,66.9,33.6,47.8,144.33055555555558,63
2024-02-26,15.960555555555555,18.3,18.3,988.8,68.76111111111112,38.2,54.6,116.53611111111111,63
2024-02-27,15.84861111111111,18.3,18.3,1005.0,71.37777777777778,25.4,35.4,150.64444444444445,63
2024-02-28,16.820833333333333,16.3,16.3,1005.6,77.12777777777778,23.7,31.3,149.6361111111111,63
2024-02-29,16.75777777777778,16.0,16.0,1000.5,71.00555555555555,31.4,41.4,150.23333333333332,63
2024-03-01,15.688333333333333,18.8,17.1,989.6,66.56944444444444,38.0,52.9,145.84722222222223,75
2024-03-02,15.630555555555556,16.7,16.7,987.6,53.85,30.8,43.5,168.49166666666667,73
2024-03-03,16.227777777777778,9.3,9.3,996.9,58.02222222222222,24.9,35.0,180.04444444444442,63
2024-03-04,17.014166666666668,10.1,10.1,1003.5,61.89444444444444,35.1,49.2,166.8861111111111,63
2024-03-05,17.27111111111111,30.8,30.8,1004.5,57.475,28.4,39.8,202.39166666666668,75
2024-03-06,16.574722222222224,6.3,6.3,1006.7,46.17777777777778,26.5,36.2,150.77777777777777,61
2024-03-07,16.088611111111113,9.0,9.0,997.5,48.83611111111111,25.1,35.0,133.36666666666667,63
2024-03-08,16.069166666666668,11.9,11.9,985.0,58.136111111111106,31.4,48.6,153.62222222222223,63
2024-03-09,16.28527777777778,37.5,37.5,983.0,67.44722222222222,32.5,43.7,116.61388888888888,63
2024-03-10,16.638333333333335,9.3,9.3,988.3,54.13333333333333,26.5,37.1,148.00277777777777,63
2024-03-11,16.963055555555556,13.6,13.6,999.0,51.330555555555556,27.7,36.3,187.80277777777778,63
2024-03-12,17.288888888888888,15.3,15.3,1009.2,55.647222222222226,27.8,36.7,150.18055555555557,63
2024-03-13,17.34,0.8,0.8,1010.0,61.85,25.2,33.2,152.82777777777775,51
2024-03-14,17.60472222222222,1.9000000000000001,1.9000000000000001,1003.7,59.21111111111111,27.3,36.5,142.35,53
2024-03-15,18.041666666666668,7.8,7.8,1003.3,63.88333333333333,27.9,36.0,158.88888888888889,61
2024-03-16,17.9375,5.7,5.7,1009.7,63.10555555555556,25.4,33.6,149.0972222222222,55
2024-03-17,17.814722222222223,8.8,8.8,1007.7,64.52222222222223,23.1,30.7,131.9361111111111,61
2024-03-18,17.246111111111112,4.1000000000000005,4.1000000000000005,1007.9,58.85555555555556,27.1,36.0,154.8388888888889,63
2024-03-19,17.52,1.1,1.1,1008.2,49.636111111111106,29.7,40.2,150.5361111111111,55
2024-03-20,17.48638888888889,1.8,1.8,1009.2,48.75,25.4,34.8,154.1611111111111,53
2024-03-21,17.90083333333333,6.0,6.0,1007.5,53.25277777777777,22.0,31.1,142.89444444444445,63
2024-03-22,18.443611111111114,5.1,5.1,1005.3,60.391666666666666,25.3,34.8,163.85555555555555,55
2024-03-23,17.920833333333334,3.6,3.6,1005.2,62.25277777777777,29.4,38.5,146.51944444444445,73
2024-03-24,18.12722222222222,5.4,5.4,1005.4,66.11666666666666,23.7,31.3,172.81944444444443,61
2024-03-25,18.034444444444443,29.0,29.0,990.2,70.28055555555555,27.4,37.5,176.44166666666666,63
2024-03-26,17.566111111111113,14.5,14.5,982.3,72.73055555555555,32.4,43.0,156.63888888888889,63
2024-03-27,17.930833333333332,14.9,14.9,973.9,66.1888888888889,35.8,49.6,154.51944444444445,63
2024-03-28,18.49416666666667,12.9,12.299999999999999,973.1,64.08611111111111,39.1,53.1,176.99444444444444,73
2024-03-29,18.796944444444442,9.899999999999999,9.899999999999999,983.8,50.25555555555556,31.5,42.8,175.65833333333333,63
2024-03-30,18.769722222222224,25.6,25.6,987.9,61.36111111111111,27.4,37.5,155.34444444444443,63
2024-03-31,18.5125,43.2,43.2,989.1,70.83333333333333,27.9,39.7,136.8388888888889,65
2024-04-01,19.029166666666665,15.7,15.7,990.0,52.363888888888894,31.0,41.6,171.40277777777777,63
2024-04-02,19.717222222222222,19.900000000000002,19.900000000000002,998.3,58.17777777777778,33.4,47.8,184.5361111111111,63
2024-04-03,19.429166666666667,9.9,9.9,997.4,54.575,30.0,40.0,183.42222222222225,63
2024-04-04,19.186111111111114,17.2,17.2,999.3,65.69166666666666,35.6,49.8,154.57777777777775,65
2024-04-05,19.38222222222222,5.6,5.6,998.1,63.93055555555556,34.6,46.1,136.36944444444444,61
2024-04-06,19.868888888888886,6.8,6.8,998.6,68.29166666666667,33.1,45.5,137.8277777777778,63
2024-04-07,19.394722222222224,11.3,11.3,1005.0,54.03055555555556,26.8,40.2,151.26944444444445,63
2024-04-08,19.075833333333332,9.8,9.8,1000.2,63.266666666666666,39.9,55.4,154.525,65
2024-04-09,18.71055555555556,5.9,5.9,996.6,56.108333333333334,36.5,50.2,167.76944444444445,63
2024-04-10,18.584166666666665,10.5,10.5,1007.4,62.71388888888888,28.5,38.1,149.65555555555557,63
2024-04-11,19.439166666666665,26.2,26.2,1007.2,60.708333333333336,22.7,31.1,142.2861111111111,63
2024-04-12,19.485555555555557,35.8,35.8,1006.4,59.577777777777776,20.6,27.0,127.99166666666666,65
2024-04-13,19.71333333333333,7.0,7.0,1005.1,61.14444444444445,21.0,27.4,140.07222222222222,63
2024-04-14,19.631944444444446,17.9,17.9,1004.7,61.75,17.1,21.6,170.15555555555557,65
2024-04-15,19.661944444444444,8.8,8.8,1004.2,55.830555555555556,31.7,46.5,171.95277777777775,63
2024-04-16,19.686944444444446,8.1,8.1,1006.0,60.81666666666667,29.9,42.8,181.95277777777775,71
2024-04-17,19.251944444444444,13.2,13.2,999.4,54.775,30.1,39.8,196.25,73
2024-04-18,19.144166666666667,1.1,1.1,1005.3,56.08888888888889,28.3,37.9,157.87222222222223,53
2024-04-19,19.64138888888889,27.0,27.0,1003.3,59.891666666666666,32.7,46.3,171.70833333333334,65
2024-04-20,19.323333333333334,7.8999999999999995,7.8999999999999995,1005.0,58.61666666666667,28.5,39.3,177.26666666666668,63
2024-04-21,18.998055555555553,8.6,8.6,1005.4,61.794444444444444,30.7,41.6,138.12222222222223,61
2024-04-22,18.927222222222223,27.0,27.0,1004.8,65.11666666666666,31.6,43.0,124.73888888888888,63
2024-04-23,19.65138888888889,15.5,15.5,1003.9,63.50833333333333,24.5,32.7,152.475,63
2024-04-24,19.404722222222222,10.6,10.6,1004.2,75.825,30.4,40.8,182.00277777777777,63
2024-04-25,19.605555555555554,32.9,32.9,1001.4,74.81666666666666,26.9,37.1,191.15555555555554,65
2024-04-26,19.341944444444444,50.3,50.3,1000.1,78.80277777777778,21.5,28.8,148.18055555555557,65
2024-04-27,19.611944444444443,19.4,19.4,998.6,65.225,20.5,27.0,143.52222222222224,65
2024-04-28,19.857222222222223,12.3,12.3,996.8,53.35,36.9,50.2,183.95,63
2024-04-29,20.08361111111111,16.1,16.1,1005.1,45.275,24.9,33.2,168.16944444444442,63
2024-04-30,19.85388888888889,22.8,22.8,1002.5,60.36111111111111,24.1,33.2,160.98333333333332,63
2024-05-01,19.975555555555555,13.7,13.7,1000.9,64.31111111111112,23.9,31.3,190.4,63
2024-05-02,19.825555555555557,9.9,9.9,998.8,51.202777777777776,21.8,28.4,184.64166666666668,63
2024-05-03,19.981944444444444,18.8,18.8,1004.7,56.78055555555556,30.4,43.2,173.025,63
2024-05-04,20.09722222222222,21.7,21.7,1006.3,59.34166666666667,28.0,37.7,172.0222222222222,63
2024-05-05,20.429444444444446,6.1000000000000005,6.1000000000000005,1005.5,45.59722222222222,27.8,36.2,211.76944444444445,63
2024-05-06,20.529999999999998,9.9,9.9,1005.0,60.025,19.8,26.0,196.08055555555558,63
2024-05-07,20.41611111111111,7.1000000000000005,7.1000000000000005,1007.3,51.863888888888894,19.5,25.9,144.01388888888889,63
2024-05-08,20.120555555555555,22.7,22.7,1006.1,60.55555555555556,24.1,31.7,120.34166666666667,63
2024-05-09,20.787777777777777,5.5,5.5,1004.6,58.06111111111111,23.1,29.9,144.55833333333334,61
2024-05-10,21.470277777777778,5.6,5.6,1002.5,66.48333333333333,24.4,33.6,142.56944444444443,63
2024-05-11,21.485555555555553,10.9,10.9,1006.9,52.35277777777778,17.8,25.7,154.80277777777778,63
2024-05-12,21.116111111111113,14.9,14.9,1006.1,66.68333333333334,23.1,31.9,154.40277777777777,63
2024-05-13,20.887222222222224,13.2,13.2,1000.5,60.78888888888889,25.7,34.2,169.12222222222223,61
2024-05-14,20.913888888888888,11.1,11.1,998.3,46.93611111111111,23.6,32.7,167.51388888888889,63
2024-05-15,20.59111111111111,16.3,16.3,1000.8,49.702777777777776,25.2,34.2,147.76666666666668,63
2024-05-16,20.477777777777778,14.8,14.8,1004.2,55.84722222222222,25.8,35.0,164.22222222222223,63
2024-05-17,21.378888888888888,12.1,12.1,1005.1,55.97222222222222,19.7,26.2,199.9361111111111,63
2024-05-18,21.65972222222222,31.6,31.6,1004.5,64.33888888888889,21.0,27.4,162.15555555555557,63
2024-05-19,21.71611111111111,35.1,35.1,1003.9,64.16388888888889,22.9,31.1,154.44722222222222,63
2024-05-20,21.95277777777778,28.8,28.8,1003.2,54.347222222222214,25.3,33.2,150.50555555555553,63
2024-05-21,21.72416666666667,24.1,24.1,1003.7,70.88611111111112,24.2,32.5,173.51388888888889,63
2024-05-22,21.896944444444443,12.9,12.9,1003.4,65.41388888888889,26.6,37.5,201.34444444444443,63
2024-05-23,21.969722222222224,5.800000000000001,5.800000000000001,1002.5,63.711111111111116,27.3,36.3,194.475,63
2024-05-24,21.84916666666667,4.6000000000000005,4.6000000000000005,1002.2,52.43333333333333,28.0,37.7,195.48333333333332,61
2024-05-25,22.08,8.4,8.4,1003.1,58.97222222222222,28.1,36.9,184.5388888888889,63
2024-05-26,22.450277777777778,20.299999999999997,20.299999999999997,1002.5,54.56666666666667,24.5,31.5,197.80555555555557,65
2024-05-27,21.86111111111111,53.1,53.1,998.9,59.21944444444444,28.2,39.1,226.59166666666667,65
2024-05-28,21.710833333333333,35.800000000000004,35.800000000000004,1002.4,63.16388888888889,26.3,34.8,184.1611111111111,65
2024-05-29,21.816388888888888,19.1,19.1,1001.9,61.25833333333333,25.5,34.6,204.39444444444445,63
2024-05-30,21.996944444444445,18.8,18.8,1002.5,68.25277777777778,22.6,29.4,216.97777777777776,63
2024-05-31,21.983055555555556,37.6,37.6,1004.2,58.51388888888889,25.7,34.2,173.26666666666668,65
2024-06-01,22.023333333333333,47.1,47.1,1003.3,61.99166666666667,26.0,34.0,132.75833333333333,63
2024-06-02,21.987777777777776,28.9,28.9,1003.1,51.891666666666666,25.4,34.6,145.475,63
2024-06-03,22.3825,6.7,6.7,1003.4,54.330555555555556,24.2,31.7,181.7611111111111,63
2024-06-04,22.525555555555556,3.6999999999999997,3.6999999999999997,1001.7,60.011111111111106,22.6,30.9,160.79722222222225,61
2024-06-05,22.24222222222222,49.4,49.4,1000.9,57.13888888888889,23.8,31.7,186.8111111111111,65
2024-06-06,22.448055555555552,0.6000000000000001,0.6000000000000001,1003.2,57.397222222222226,23.5,31.9,176.37222222222223,51
2024-06-07,22.657222222222224,4.4,4.4,1002.6,47.28333333333333,24.6,34.6,183.26388888888886,61
2024-06-08,22.964722222222225,11.1,11.1,1001.1,50.46666666666667,24.2,31.5,195.7888888888889,65
2024-06-09,22.98472222222222,13.3,13.3,1000.9,57.625,21.0,27.0,211.5,63
2024-06-10,22.672500000000003,23.3,23.3,1002.6,64.54166666666667,22.0,29.2,223.62777777777777,63
2024-06-11,22.735277777777775,34.5,34.5,1002.4,51.833333333333336,21.3,27.4,216.2111111111111,65
2024-06-12,22.908055555555556,52.5,52.5,1002.3,48.84722222222222,20.8,27.2,199.88888888888889,65
2024-06-13,23.204722222222223,40.4,40.4,1002.4,61.96111111111111,25.5,34.2,197.0888888888889,65
2024-06-14,23.53083333333333,14.9,14.9,998.6,54.48055555555556,26.2,35.4,214.26666666666668,63
2024-06-15,23.390555555555558,31.0,31.0,997.2,53.74444444444444,32.0,44.3,217.8111111111111,63
2024-06-16,23.54111111111111,78.60000000000001,78.60000000000001,1000.2,64.97222222222223,24.7,33.0,212.03055555555557,65
2024-06-17,23.23361111111111,97.1,97.1,1001.1,56.077777777777776,22.6,31.9,197.975,65
2024-06-18,23.567777777777778,7.5,7.5,1001.3,57.983333333333334,22.2,29.0,177.45277777777775,63
2024-06-19,23.68,36.5,36.5,999.5,58.825,22.8,29.7,163.1361111111111,63
2024-06-20,23.842222222222222,13.299999999999999,13.299999999999999,999.6,49.152777777777786,22.3,30.7,194.82222222222222,65
2024-06-21,24.07222222222222,26.1,26.1,999.1,55.11944444444444,25.6,33.6,223.91944444444442,63
2024-06-22,24.272777777777776,31.3,31.3,998.7,57.11388888888889,25.2,35.2,228.62222222222223,65
2024-06-23,24.255,31.2,31.2,1000.2,57.358333333333334,25.0,34.2,213.15833333333333,63
2024-06-24,24.52138888888889,7.800000000000001,7.800000000000001,1000.1,50.761111111111106,29.5,38.3,188.62777777777777,61
2024-06-25,24.325833333333332,50.0,50.0,999.6,45.636111111111106,27.4,38.9,162.58055555555558,65
2024-06-26,24.490000000000002,55.0,55.0,999.3,53.57222222222222,26.1,35.8,171.99444444444444,63
2024-06-27,24.370555555555555,17.1,17.1,999.3,64.79166666666667,28.1,37.9,205.7527777777778,63
2024-06-28,24.386944444444445,22.3,22.3,999.2,52.7,25.8,33.8,204.23611111111111,63
2024-06-29,24.501944444444447,9.0,9.0,998.8,62.28055555555555,24.9,33.2,223.20277777777775,63
2024-06-30,24.276666666666664,51.2,51.2,1000.2,61.19444444444444,25.7,33.0,240.76944444444445,65
2024-07-01,24.6175,11.3,11.3,998.5,68.13333333333334,24.6,31.7,221.99166666666667,63
2024-07-02,24.410555555555558,10.2,10.2,999.9,53.17777777777778,28.8,38.5,215.91944444444442,63
2024-07-03,24.44805555555556,3.3,3.3,1000.8,52.75,29.0,37.9,219.84166666666667,61
2024-07-04,24.72361111111111,0.9999999999999999,0.9999999999999999,1002.1,38.98611111111111,27.9,37.5,213.92777777777778,53
2024-07-05,24.75472222222222,23.1,23.1,999.8,53.93611111111112,25.4,33.2,200.23055555555553,63
2024-07-06,24.53388888888889,11.200000000000001,11.200000000000001,995.8,45.84722222222222,30.7,41.4,235.88055555555556,63
2024-07-07,24.489444444444448,12.299999999999999,12.299999999999999,1000.0,45.822222222222216,24.5,33.6,224.25833333333333,63
2024-07-08,24.756111111111114,22.1,22.1,999.1,53.272222222222226,25.3,34.4,204.83888888888887,63
2024-07-09,25.11138888888889,15.8,15.8,1000.0,59.65555555555556,23.0,32.5,198.79444444444442,63
2024-07-10,24.9925,18.8,18.8,1000.6,54.78611111111111,23.3,30.3,217.7888888888889,63
2024-07-11,24.908333333333335,55.9,55.9,1000.9,53.03888888888889,22.8,30.3,222.27222222222224,65
2024-07-12,24.717222222222222,23.2,23.2,1000.4,57.516666666666666,22.1,28.8,180.95555555555558,63
2024-07-13,24.7925,31.3,31.3,1000.7,53.94444444444444,23.1,30.3,222.91944444444442,63
2024-07-14,25.009444444444444,22.6,22.6,1000.0,55.31666666666667,26.3,35.2,214.69722222222222,65
2024-07-15,25.308611111111112,7.7,7.7,999.9,57.833333333333336,28.8,38.3,213.55,63
2024-07-16,25.489722222222223,8.8,8.8,1000.0,51.68611111111111,24.8,33.4,228.45833333333334,61
2024-07-17,25.290555555555557,25.2,25.2,1001.4,55.08611111111111,25.4,35.4,205.31666666666666,63
2024-07-18,25.8925,1.5,1.5,1000.6,53.53333333333333,26.0,35.4,186.80555555555557,53
2024-07-19,26.227222222222224,1.0,1.0,1000.2,50.32222222222222,23.8,31.9,189.68055555555557,53
2024-07-20,26.228333333333335,9.0,9.0,999.8,54.60277777777778,23.4,29.9,224.425,63
2024-07-21,26.0175,4.2,4.2,1000.8,52.00555555555556,22.3,31.1,222.36388888888888,61
2024-07-22,25.78861111111111,4.1,4.1,1001.9,51.516666666666666,27.6,36.3,205.98333333333332,55
2024-07-23,25.784166666666668,4.8,4.8,996.2,42.925,24.4,32.7,207.55277777777778,61
2024-07-24,25.567777777777778,63.2,63.2,986.8,54.863888888888894,33.5,45.1,187.5111111111111,65
2024-07-25,25.667777777777776,132.7,132.7,986.4,61.077777777777776,38.9,53.1,213.41666666666666,65
2024-07-26,25.409444444444443,35.7,35.7,992.7,63.1,32.8,46.3,227.0388888888889,63
2024-07-27,25.19333333333333,14.9,14.9,1003.2,61.33888888888889,26.2,38.7,190.01666666666668,63
2024-07-28,25.4575,11.2,11.2,1002.9,43.59444444444444,24.9,32.9,164.71944444444443,63
2024-07-29,25.80277777777778,15.4,15.4,1001.4,32.355555555555554,26.2,34.0,169.41944444444442,63
2024-07-30,26.125,4.8,4.8,1000.6,39.39444444444444,23.0,30.1,175.39722222222224,61
2024-07-31,26.26888888888889,5.199999999999999,5.199999999999999,1002.3,41.98055555555555,21.6,28.2,189.19166666666666,61
2024-08-01,26.33833333333333,13.0,13.0,1001.6,37.775,24.2,31.9,195.03333333333333,63
2024-08-02,26.039166666666667,3.7,3.7,1002.7,35.09166666666667,24.7,35.0,224.73055555555553,61
2024-08-03,25.9,10.9,10.9,1003.5,53.952777777777776,21.1,28.2,228.975,63
2024-08-04,25.413055555555555,23.7,23.7,1002.8,53.93333333333333,23.7,31.1,223.05277777777778,65
2024-08-05,25.625833333333333,8.3,8.3,1002.5,44.86944444444444,21.0,27.0,220.81666666666666,61
2024-08-06,25.704444444444444,2.8000000000000003,2.8000000000000003,1003.2,43.91111111111111,24.5,38.5,215.8638888888889,61
2024-08-07,25.49138888888889,6.1000000000000005,6.1000000000000005,1003.7,47.81944444444444,24.2,32.7,205.03055555555554,63
2024-08-08,25.761111111111113,5.9,5.9,1002.1,49.40833333333333,23.8,32.9,206.34166666666667,61
2024-08-09,26.02777777777778,7.5,7.5,1001.0,54.56388888888889,25.0,32.7,214.575,63
2024-08-10,26.0425,14.700000000000001,14.700000000000001,999.2,41.86111111111111,23.1,30.3,193.59444444444443,63
2024-08-11,26.28166666666667,22.700000000000003,22.700000000000003,997.9,36.35,22.6,29.9,184.5361111111111,65
2024-08-12,26.40222222222222,26.0,26.0,1000.7,37.92777777777778,20.1,28.2,215.9138888888889,65
2024-08-13,25.878055555555555,23.1,23.1,1001.9,56.31944444444444,24.5,32.3,218.36666666666667,63
2024-08-14,25.590833333333332,11.2,11.2,1002.9,56.983333333333334,23.7,30.9,200.64444444444445,63
2024-08-15,25.58861111111111,13.9,13.9,1002.2,53.02777777777778,25.7,35.2,189.02222222222224,63
2024-08-16,25.730277777777776,10.6,10.6,1001.9,55.31111111111111,22.6,30.9,213.425,63
2024-08-17,25.56722222222222,13.6,13.6,1001.7,51.575,22.8,33.2,222.82777777777775,63
2024-08-18,25.723055555555554,12.8,12.8,1002.4,49.11111111111111,20.9,27.0,225.09444444444446,61
2024-08-19,25.68777777777778,42.4,42.4,1002.5,50.602777777777774,26.1,36.0,224.15,65
2024-08-20,25.57638888888889,23.2,23.2,1002.1,57.68611111111111,25.8,35.2,228.4611111111111,63
2024-08-21,25.0425,18.8,18.8,1002.0,56.10555555555556,28.4,39.1,209.71388888888887,65
2024-08-22,25.446944444444444,4.4,4.4,1002.2,48.8,30.5,42.0,224.0861111111111,61
2024-08-23,25.51527777777778,20.1,20.1,998.2,50.36666666666667,31.5,42.8,208.84722222222223,65
2024-08-24,25.050833333333333,29.8,29.8,1002.0,45.78333333333333,27.6,40.4,206.50555555555556,65
2024-08-25,24.93861111111111,3.6,3.6,1004.8,41.875,24.8,33.0,189.14166666666668,55
2024-08-26,25.629444444444445,3.3,3.3,1001.5,43.69444444444444,22.4,30.9,206.11111111111111,61
2024-08-27,25.586666666666666,18.7,18.7,1000.7,48.11666666666667,22.8,36.3,215.37222222222223,63
2024-08-28,25.477500000000003,27.6,27.6,1001.6,58.84166666666667,20.1,28.8,179.30555555555557,65
2024-08-29,25.306666666666665,4.1,4.1,1004.4,42.275,21.7,28.2,189.2611111111111,63
2024-08-30,25.424444444444443,4.3,4.3,1003.5,49.18888888888889,24.9,32.9,154.275,61
2024-08-31,25.550277777777776,10.2,10.2,1002.3,58.24722222222223,22.6,31.7,148.09444444444443,63
2024-09-01,25.88222222222222,7.9,7.9,1004.4,57.23611111111111,20.7,30.3,162.40555555555557,63
2024-09-02,25.803611111111113,13.799999999999999,13.799999999999999,1005.4,52.09722222222222,23.3,30.7,203.725,63
2024-09-03,25.369444444444447,4.1,4.1,1002.0,51.30833333333333,21.2,39.1,186.31666666666666,61
2024-09-04,25.175,53.1,53.1,1000.0,42.86666666666667,20.8,29.7,197.98611111111111,65
2024-09-05,25.308055555555555,22.6,22.6,1001.0,52.68333333333333,24.4,35.0,175.50555555555556,63
2024-09-06,25.255277777777778,37.9,37.9,1004.6,56.12777777777777,25.4,34.4,202.7388888888889,65
2024-09-07,25.348055555555558,13.9,13.9,1004.2,59.12777777777777,24.3,31.3,187.375,63
2024-09-08,25.15638888888889,39.6,39.6,1002.6,59.36944444444444,23.1,31.3,204.34722222222223,65
2024-09-09,24.836111111111112,7.0,7.0,1003.1,49.55555555555556,30.3,41.2,206.95833333333334,63
2024-09-10,24.668333333333333,37.0,37.0,1002.1,59.22222222222222,31.0,43.0,225.2972222222222,65
2024-09-11,24.402222222222225,7.9,7.9,1002.7,44.74444444444444,24.2,32.1,245.60277777777776,63
2024-09-12,24.01138888888889,5.8999999999999995,5.8999999999999995,1002.2,48.641666666666666,20.6,27.2,211.2888888888889,61
2024-09-13,23.86916666666667,5.9,5.9,1001.3,40.202777777777776,29.7,40.0,191.68055555555557,61
2024-09-14,23.868333333333332,47.2,47.2,999.9,52.358333333333334,30.3,40.8,171.30833333333334,65
2024-09-15,24.272777777777776,15.899999999999999,15.899999999999999,992.9,52.15555555555556,30.4,47.4,194.65833333333333,65
2024-09-16,24.344722222222224,37.2,37.2,986.7,59.48055555555556,29.6,50.2,170.51944444444445,63
2024-09-17,24.34361111111111,17.3,17.3,1002.3,40.60555555555556,32.1,44.1,147.22222222222223,65
2024-09-18,24.68861111111111,16.5,16.5,1001.9,47.327777777777776,29.2,40.0,131.2888888888889,63
2024-09-19,24.698333333333334,25.8,25.8,1000.8,47.43888888888888,26.6,34.4,146.87222222222223,63
2024-09-20,24.57777777777778,58.4,58.4,1002.5,52.7,23.2,31.3,150.65277777777777,65
2024-09-21,24.04222222222222,33.1,33.1,1003.0,57.36666666666667,27.3,38.3,174.125,63
2024-09-22,23.551388888888887,39.5,39.5,1004.1,68.87222222222222,24.9,36.2,196.95555555555558,63
2024-09-23,23.41888888888889,51.6,51.6,1002.3,68.78333333333333,23.8,32.5,216.6638888888889,65
2024-09-24,23.385833333333334,6.6,6.6,1000.8,66.44166666666666,22.0,29.5,226.275,63
2024-09-25,23.601666666666667,11.0,11.0,989.8,76.66944444444445,30.6,43.5,203.29444444444442,63
2024-09-26,23.606944444444444,13.1,13.1,983.1,57.852777777777774,33.5,46.7,210.88888888888889,63
2024-09-27,22.96388888888889,12.0,12.0,990.0,47.53888888888889,31.8,46.3,204.9111111111111,61
2024-09-28,22.788055555555555,10.4,10.4,1001.2,42.75,26.3,34.6,194.86111111111111,63
2024-09-29,23.00638888888889,13.3,13.3,1001.9,54.59444444444444,32.3,46.1,149.4111111111111,63
2024-09-30,23.418333333333333,30.6,30.6,997.9,56.48055555555556,36.8,50.2,152.94444444444443,65
2024-10-01,22.69722222222222,42.3,42.3,999.9,67.55,43.9,61.0,186.20555555555558,65
2024-10-02,22.276944444444442,43.9,43.9,1001.5,62.863888888888894,45.1,65.1,155.68333333333334,63
2024-10-03,22.064444444444444,5.3,5.3,1004.5,53.791666666666664,36.1,49.6,133.84166666666667,61
2024-10-04,21.857222222222223,21.3,21.3,1005.9,59.25555555555556,29.8,41.4,168.3861111111111,63
2024-10-05,22.283333333333335,48.7,48.7,1004.7,60.47777777777778,24.1,31.3,175.625,65
2024-10-06,22.623333333333335,261.1,261.1,995.4,57.26944444444444,24.3,36.3,186.82777777777775,65
2024-10-07,22.488055555555555,33.3,33.3,993.9,61.02222222222222,29.3,39.5,193.375,65
2024-10-08,22.36527777777778,26.6,26.6,988.5,63.916666666666664,31.6,43.9,174.96944444444443,65
2024-10-09,22.19888888888889,18.7,18.7,979.6,57.575,35.5,52.3,203.7861111111111,65
2024-10-10,21.484166666666667,18.2,18.2,990.9,47.84166666666667,21.5,28.4,211.8388888888889,63
2024-10-11,21.456666666666663,44.6,44.6,998.7,43.6,28.6,37.7,158.74166666666667,63
2024-10-12,22.12222222222222,43.8,43.8,999.5,54.78333333333333,27.3,37.5,164.775,63
2024-10-13,22.05388888888889,51.6,51.6,1006.1,60.8,22.2,29.7,160.2861111111111,63
2024-10-14,22.425833333333333,33.4,33.4,1005.7,59.75555555555555,22.9,31.3,164.15833333333333,63
2024-10-15,22.829444444444444,11.6,11.6,1000.3,74.125,21.5,28.6,157.05833333333334,63
2024-10-16,23.44222222222222,22.6,22.6,999.2,65.21944444444445,21.5,29.0,174.95833333333334,63
2024-10-17,22.91444444444444,6.9,6.9,1003.1,54.358333333333334,25.7,35.4,188.79722222222225,63
2024-10-18,22.325,37.5,37.5,1005.3,58.397222222222226,26.2,34.2,192.26666666666668,63
2024-10-19,22.05111111111111,16.3,16.3,1007.0,68.60555555555555,28.2,37.7,174.2388888888889,63
2024-10-20,22.08361111111111,11.1,11.1,1006.5,63.68888888888889,31.8,44.1,157.55,63
2024-10-21,21.93861111111111,16.099999999999998,16.099999999999998,1008.4,56.225,25.1,33.4,165.52777777777777,63
2024-10-22,21.37611111111111,12.0,12.0,1007.3,52.06388888888889,33.2,46.1,149.70277777777775,63
2024-10-23,20.988333333333333,20.8,20.8,1006.3,51.327777777777776,37.9,52.3,152.1611111111111,63
2024-10-24,21.574722222222224,14.9,14.9,1004.0,50.96111111111111,40.2,54.0,122.47222222222221,63
2024-10-25,21.979444444444443,37.5,37.5,1003.2,65.71388888888889,36.1,51.5,152.825,65
2024-10-26,21.705,125.2,125.2,1006.1,63.59722222222222,25.6,34.2,177.0111111111111,65
2024-10-27,21.231944444444444,36.4,36.4,1005.7,52.86944444444445,24.7,32.3,177.61111111111111,65
2024-10-28,21.15888888888889,29.4,29.4,1006.0,65.59166666666667,26.9,36.0,173.5638888888889,63
2024-10-29,21.205277777777777,9.2,9.2,1007.4,60.65833333333333,31.7,42.8,172.82222222222222,63
2024-10-30,21.291944444444443,29.2,29.2,1001.0,58.66111111111111,41.2,57.0,123.96666666666667,63
2024-10-31,21.39138888888889,80.4,80.4,995.1,57.49166666666667,38.4,56.8,144.775,65
2024-11-01,21.10388888888889,58.0,58.0,994.9,60.733333333333334,25.9,41.8,174.75,65
2024-11-02,20.880277777777778,14.1,14.1,1008.4,49.16111111111111,23.4,30.9,133.5,65
2024-11-03,20.89138888888889,7.0,7.0,1007.2,43.147222222222226,21.3,27.6,140.84722222222223,63
2024-11-04,20.43916666666667,12.9,12.9,1007.1,58.202777777777776,26.1,34.6,135.21944444444443,63
2024-11-05,20.12,8.299999999999999,8.299999999999999,1006.6,48.541666666666664,32.2,43.2,145.00555555555556,63
2024-11-06,20.165833333333335,19.7,19.7,1008.0,52.98611111111111,35.0,47.8,126.38333333333334,63
2024-11-07,20.022777777777776,12.6,12.6,1007.8,60.547222222222224,33.3,46.7,116.15,63
2024-11-08,20.12472222222222,33.6,33.6,1007.3,71.78611111111111,32.7,44.3,126.79722222222222,65
2024-11-09,20.163333333333334,28.2,28.2,1006.8,70.05,26.1,35.0,148.70277777777775,63
2024-11-10,20.045555555555556,12.4,12.4,1006.6,56.516666666666666,25.7,34.8,194.24444444444444,63
2024-11-11,20.022499999999997,27.7,27.7,1006.3,60.025,28.7,38.5,138.51944444444445,63
2024-11-12,20.190833333333334,12.6,12.6,1006.2,49.78888888888889,31.4,42.0,106.22777777777779,63
2024-11-13,20.33972222222222,10.3,10.3,1006.2,62.50277777777777,37.3,49.8,137.64444444444445,63
2024-11-14,20.537222222222223,50.5,50.5,1006.5,68.30555555555556,36.0,49.6,115.19722222222224,65
2024-11-15,20.27583333333333,48.4,48.4,1005.9,66.35277777777777,26.3,36.0,151.475,65
2024-11-16,19.949444444444445,25.3,25.3,1006.1,57.88333333333333,28.1,38.3,157.67222222222225,63
2024-11-17,19.501666666666665,20.7,20.7,1005.6,58.36666666666667,34.0,50.5,154.05555555555557,63
2024-11-18,19.15972222222222,33.8,33.8,998.3,67.56944444444444,38.6,53.1,160.63888888888889,63
2024-11-19,18.927222222222223,31.5,31.5,994.0,66.63333333333334,33.2,45.1,179.8861111111111,73
2024-11-20,18.125555555555554,21.1,21.1,1004.1,55.48055555555556,29.5,40.6,203.89444444444445,71
2024-11-21,17.810833333333335,21.5,12.9,992.6,63.38055555555556,32.3,46.3,184.26388888888889,75
2024-11-22,18.13138888888889,31.6,31.6,1001.0,58.80555555555556,31.2,40.2,173.1611111111111,75
2024-11-23,19.065833333333334,49.8,49.8,997.0,68.43333333333334,38.7,52.3,138.81666666666666,63
2024-11-24,19.89527777777778,59.5,59.5,993.7,65.02222222222221,40.6,54.8,129.18333333333334,65
2024-11-25,18.813333333333333,37.4,37.4,995.7,58.36944444444444,33.9,46.3,167.75833333333333,63
2024-11-26,17.913888888888888,27.799999999999997,27.799999999999997,1003.2,49.56111111111111,29.4,39.5,171.34166666666667,65
2024-11-27,18.042777777777776,43.3,43.3,1002.5,43.13055555555556,31.4,43.9,173.8361111111111,65
2024-11-28,17.571666666666665,15.0,15.0,1003.8,43.983333333333334,23.9,31.9,175.45555555555558,63
2024-11-29,17.918333333333333,17.5,17.5,1004.5,45.40555555555556,25.8,36.3,191.34722222222223,63
2024-11-30,18.765555555555558,13.7,13.7,1005.2,52.2,27.0,35.8,186.45833333333334,63
2024-12-01,18.845000000000002,6.800000000000001,6.800000000000001,1005.0,57.80277777777778,25.7,34.4,200.475,63
2024-12-02,18.65388888888889,8.5,8.5,1006.0,42.30277777777778,24.3,31.3,196.46944444444443,63
2024-12-03,18.095555555555556,13.9,13.9,1006.7,58.608333333333334,26.5,36.2,194.65833333333333,63
2024-12-04,18.05527777777778,15.9,15.9,1006.2,64.04722222222223,24.6,33.6,198.60277777777776,63
2024-12-05,18.665555555555557,13.5,13.5,999.0,66.4388888888889,36.2,49.8,204.57777777777775,63
2024-12-06,18.11361111111111,22.5,22.5,1001.2,59.28611111111112,33.4,41.4,194.35833333333332,63
2024-12-07,17.741944444444446,39.9,39.9,988.2,69.11944444444445,44.8,64.3,203.54166666666666,63
2024-12-08,16.935277777777777,36.5,36.5,998.6,60.76944444444444,38.8,56.0,181.92222222222225,65
2024-12-09,17.105,26.9,26.9,1005.3,66.55277777777778,32.2,44.3,131.80555555555554,65
2024-12-10,17.09888888888889,13.5,13.5,1004.8,73.50833333333334,28.1,37.9,128.93333333333334,63
2024-12-11,16.809166666666666,10.5,10.5,1004.5,72.13055555555555,28.1,39.1,138.51944444444447,63
2024-12-12,16.655555555555555,22.900000000000002,22.900000000000002,1004.5,73.19722222222222,28.1,39.7,122.57222222222222,63
2024-12-13,16.113055555555555,5.8,5.8,1005.3,58.21666666666667,28.9,39.7,155.16388888888886,61
2024-12-14,16.116666666666667,3.2,3.2,1006.2,56.297222222222224,28.0,39.7,156.11944444444444,61
2024-12-15,16.71472222222222,22.4,22.4,1006.7,61.18888888888888,25.6,34.8,156.29444444444442,63
2024-12-16,17.145833333333332,10.6,10.6,1006.3,58.080555555555556,25.4,35.2,151.55833333333334,63
2024-12-17,17.094444444444445,21.9,21.9,1006.8,60.46666666666667,35.7,46.7,158.2777777777778,63
2024-12-18,17.38,15.1,15.1,997.4,58.65277777777778,34.1,45.5,178.77777777777777,63
2024-12-19,16.31972222222222,16.5,16.5,994.7,60.916666666666664,33.7,47.2,223.3138888888889,63
2024-12-20,16.404444444444444,13.0,13.0,1006.9,53.044444444444444,39.0,56.2,210.93055555555554,61
2024-12-21,16.604166666666668,30.2,30.2,1005.7,53.483333333333334,32.0,43.7,198.22777777777776,63
2024-12-22,16.029166666666665,6.3,6.3,1002.4,62.74722222222222,36.6,55.0,210.325,71
2024-12-23,16.17972222222222,20.2,20.2,1006.3,58.90833333333333,35.8,54.6,184.14166666666668,61
2024-12-24,16.80388888888889,33.6,33.6,1004.1,58.25,33.4,45.1,157.0361111111111,65
2024-12-25,16.68722222222222,14.799999999999999,14.799999999999999,1005.4,56.37777777777777,30.7,42.8,154.70833333333334,65
2024-12-26,16.270555555555557,9.700000000000001,9.700000000000001,1008.6,55.46944444444444,28.0,37.9,118.46944444444443,63
2024-12-27,15.748611111111112,4.6,4.6,1009.5,59.475,30.0,41.0,101.03333333333333,55
2024-12-28,15.056666666666667,6.4,6.4,1008.5,47.988888888888894,29.0,40.8,137.30555555555557,55
2024-12-29,15.541944444444445,15.0,15.0,1008.2,50.74444444444444,25.0,35.6,161.96666666666667,63
2024-12-30,16.055555555555557,24.599999999999998,24.599999999999998,1009.0,44.15277777777778,19.8,26.8,171.40833333333333,65
2024-12-31,16.268333333333334,59.5,59.5,1008.6,48.26111111111111,33.4,45.1,150.2888888888889,65
2025-01-01,16.504444444444445,61.6,61.6,1004.9,52.36111111111111,37.9,51.7,137.45833333333334,65
2025-01-02,15.596388888888889,17.3,17.3,1007.0,47.13055555555556,30.5,40.8,124.15833333333333,63
2025-01-03,15.344166666666666,63.9,63.9,1007.3,45.53055555555556,31.0,42.2,143.66944444444442,63
2025-01-04,15.56638888888889,34.8,34.8,997.7,73.70555555555555,36.6,50.7,138.1638888888889,75
2025-01-05,17.024722222222223,30.3,30.3,981.2,62.53333333333333,36.3,50.3,155.6361111111111,75
2025-01-06,16.296388888888888,15.6,15.6,971.4,59.31388888888889,38.6,52.3,176.34166666666667,73
2025-01-07,15.483055555555556,9.2,9.2,994.3,58.94166666666667,37.5,52.1,193.0277777777778,71
2025-01-08,15.43361111111111,26.0,26.0,992.6,57.74444444444445,42.4,57.9,139.16666666666666,73
2025-01-09,15.198888888888888,10.3,10.3,995.3,58.63333333333333,32.3,43.2,180.70555555555558,71
2025-01-10,14.524722222222222,104.5,104.5,1009.6,48.4,30.7,42.6,170.63888888888889,71
2025-01-11,14.615,54.5,54.5,1009.7,46.37777777777777,26.3,37.7,171.35833333333332,65
2025-01-12,14.917222222222222,91.7,91.7,1007.9,43.833333333333336,24.9,33.0,147.61111111111111,65
2025-01-13,15.234722222222222,40.3,40.3,1007.7,57.65,23.4,31.9,126.23333333333333,65
2025-01-14,15.88888888888889,37.0,37.0,1008.4,63.53611111111112,26.7,35.2,139.39166666666668,63
2025-01-15,15.278055555555556,34.0,34.0,1007.8,61.21944444444444,27.8,38.1,154.77222222222224,63
2025-01-16,15.165,7.6,7.6,1007.6,49.96388888888889,27.4,36.9,125.06111111111112,63
2025-01-17,14.77888888888889,39.5,39.5,1006.4,65.75277777777778,34.0,49.0,108.44722222222222,63
2025-01-18,14.708055555555555,36.6,36.6,1006.6,59.66111111111111,22.8,33.6,109.93333333333334,65
2025-01-19,14.95861111111111,87.5,87.5,1006.2,63.25,26.2,35.0,140.65,63
2025-01-20,15.242222222222221,33.0,33.0,1006.6,68.23611111111111,22.5,32.7,136.4,63
2025-01-21,15.320277777777779,20.5,20.5,1003.0,67.60555555555555,22.3,30.7,132.2111111111111,63
2025-01-22,16.013055555555557,8.4,8.4,999.6,67.48055555555555,26.3,36.3,131.16944444444445,63
2025-01-23,16.56361111111111,11.1,11.1,998.3,63.25555555555556,34.7,50.2,155.80555555555557,63
2025-01-24,16.898333333333333,25.0,25.0,990.1,65.58888888888889,37.7,61.4,141.275,65
2025-01-25,16.091666666666665,9.9,9.9,998.3,74.57222222222222,30.5,38.3,154.7888888888889,63
2025-01-26,15.883888888888889,36.2,36.2,978.7,68.63055555555555,43.3,66.5,152.03055555555554,65
2025-01-27,15.518611111111111,23.0,23.0,974.8,60.047222222222224,40.4,60.1,158.47777777777776,63
2025-01-28,15.678611111111111,12.600000000000001,12.600000000000001,978.5,58.172222222222224,41.5,59.3,172.10833333333332,63
2025-01-29,15.556944444444444,30.5,30.5,996.3,53.03333333333333,41.9,59.3,154.85,63
2025-01-30,15.824166666666667,4.5,4.5,1007.1,45.57222222222222,32.1,47.6,179.21666666666667,61
2025-01-31,16.235555555555557,15.1,15.1,1007.6,57.95,23.7,32.1,175.51388888888889,63
2025-02-01,15.815833333333334,20.1,20.1,1006.7,65.20833333333333,24.5,33.2,134.20833333333334,63
2025-02-02,15.256111111111112,3.7,3.7,1006.1,59.60555555555556,27.4,36.2,145.2388888888889,61
2025-02-03,15.183333333333334,9.0,9.0,1006.7,57.34166666666667,29.7,40.6,140.67777777777778,61
2025-02-04,15.621666666666666,16.8,16.8,1008.2,56.16944444444445,26.3,36.5,144.66666666666666,63
2025-02-05,15.528055555555556,12.6,12.6,1007.7,56.147222222222226,28.6,38.9,149.25,63
2025-02-06,14.943888888888889,15.8,15.8,1007.1,59.825,28.3,40.0,91.04722222222222,63
2025-02-07,13.825,15.8,15.8,1007.6,63.31944444444444,31.9,43.0,101.23055555555557,71
2025-02-08,13.754166666666666,14.8,14.8,1007.4,62.080555555555556,31.4,43.2,126.99444444444445,63
2025-02-09,14.0725,7.6,7.6,1007.5,53.69444444444444,27.4,37.9,119.78611111111111,61
2025-02-10,14.80888888888889,5.8,5.8,1008.4,62.511111111111106,26.6,36.2,86.42222222222223,55
2025-02-11,15.396388888888888,19.6,19.6,1009.5,71.12777777777778,26.7,35.8,140.59444444444443,65
2025-02-12,15.33861111111111,44.9,44.9,1009.5,54.26944444444445,27.7,38.3,141.15,63
2025-02-13,15.0975,10.3,10.3,1008.7,67.40833333333333,29.2,39.5,110.84166666666667,61
2025-02-14,15.133333333333333,7.4,7.4,1007.6,60.075,27.1,36.2,113.075,63
2025-02-15,15.183055555555557,9.5,9.5,1007.4,61.125,28.0,37.1,132.8527777777778,73
2025-02-16,15.426944444444445,7.1000000000000005,7.1000000000000005,1007.9,51.93888888888889,23.8,31.5,140.09722222222223,63
2025-02-17,14.953888888888889,13.9,13.9,1008.0,50.44444444444445,24.6,33.2,139.79722222222225,63
2025-02-18,15.243888888888888,5.3,5.3,1006.6,68.63888888888889,24.7,33.6,118.78888888888888,61
2025-02-19,15.736666666666668,6.1,6.1,1008.5,67.29444444444444,24.6,33.2,121.925,63
2025-02-20,16.301111111111112,12.2,12.2,1008.5,67.9888888888889,30.4,41.6,120.56388888888888,61
2025-02-21,16.237777777777776,21.0,21.0,1007.0,74.475,34.9,54.8,114.60833333333333,65
2025-02-22,15.7225,12.9,12.9,1007.2,55.49722222222223,27.4,36.7,139.39722222222224,63
2025-02-23,15.5325,2.0,2.0,1009.0,57.90277777777778,30.6,41.0,127.9361111111111,53
2025-02-24,15.763055555555555,21.7,21.7,1009.5,60.46388888888889,30.4,42.0,128.58888888888887,63
2025-02-25,15.588333333333333,13.7,13.7,1010.1,66.85833333333333,22.8,30.5,172.71666666666667,65
2025-02-26,15.809166666666666,15.5,15.5,1009.0,67.53055555555555,30.8,40.4,158.54444444444445,63
2025-02-27,16.061944444444446,18.9,18.9,1008.2,51.75833333333333,30.1,42.4,172.53611111111113,63
2025-02-28,16.200277777777778,31.5,31.5,1007.8,57.09722222222222,25.9,35.4,134.73333333333332,63
2025-03-01,17.01388888888889,13.4,13.4,1006.9,55.35555555555556,31.6,43.7,125.89722222222221,63
2025-03-02,16.976388888888888,14.0,14.0,1003.2,64.90555555555555,28.2,39.5,109.1361111111111,65
2025-03-03,16.295833333333334,25.2,25.2,1006.2,64.50277777777778,28.9,38.7,115.9,63
2025-03-04,16.140833333333333,7.4,7.4,1005.8,50.66388888888889,30.0,40.4,125.19166666666666,63
2025-03-05,16.238888888888887,15.5,15.5,1006.1,48.41388888888889,30.6,41.0,131.20833333333334,63
2025-03-06,16.46027777777778,16.1,16.1,1007.2,50.80277777777778,33.4,45.7,143.84444444444443,63
2025-03-07,16.828611111111112,26.5,26.5,992.3,64.09722222222223,31.2,41.8,129.8361111111111,63
2025-03-08,16.706944444444442,14.799999999999999,14.799999999999999,984.7,57.363888888888894,33.8,44.7,121.25277777777778,63
2025-03-09,16.85527777777778,21.6,21.6,986.3,61.041666666666664,33.6,47.2,131.67777777777778,63
2025-03-10,17.02861111111111,31.1,31.1,994.5,62.86111111111111,23.2,30.5,105.83055555555556,65
2025-03-11,17.225555555555555,10.799999999999999,10.799999999999999,999.0,55.30277777777778,25.7,32.7,106.96666666666667,65
2025-03-12,16.95888888888889,10.1,10.1,1001.2,61.53611111111111,23.1,29.5,144.0888888888889,75
2025-03-13,16.765277777777776,27.2,27.2,998.8,62.452777777777776,32.1,44.5,105.86944444444445,73
2025-03-14,16.84,17.8,17.8,998.1,53.725,29.8,37.9,101.78055555555555,65
2025-03-15,16.53972222222222,9.8,9.8,1005.2,52.08611111111111,26.9,37.1,113.09444444444445,63
2025-03-16,16.350833333333334,2.1,2.1,1006.6,53.86666666666667,28.5,39.1,120.7638888888889,53
2025-03-17,16.70888888888889,27.6,27.6,1007.4,59.425,27.1,36.7,127.99166666666666,63
2025-03-18,16.583333333333332,12.1,12.1,1007.2,29.944444444444446,25.8,33.8,131.14166666666668,63
2025-03-19,16.880833333333335,90.9,90.9,1003.8,42.53888888888889,25.0,33.2,129.2861111111111,63
2025-03-20,17.595833333333335,48.1,48.1,997.3,43.71388888888889,28.8,38.9,138.9111111111111,63
2025-03-21,18.13222222222222,19.9,19.9,992.6,53.68333333333333,30.9,45.9,154.0,63
2025-03-22,18.196944444444444,21.5,21.5,996.5,49.43055555555556,33.1,43.7,158.1638888888889,65
2025-03-23,17.970555555555556,20.5,20.5,998.2,53.93333333333333,26.4,36.0,168.49722222222223,65
2025-03-24,18.126944444444444,1.1,1.1,1006.4,39.38055555555556,21.1,28.8,163.025,51
2025-03-25,18.766111111111112,2.2,2.2,1002.2,42.03611111111111,17.8,22.5,165.2388888888889,53
2025-03-26,19.230277777777776,7.6,7.6,997.5,42.99722222222222,25.1,32.7,161.0,63
2025-03-27,18.383333333333333,24.2,24.2,1001.1,48.483333333333334,28.8,40.4,180.23333333333332,63
2025-03-28,17.814166666666665,2.5,2.5,1005.1,53.88888888888889,29.6,40.4,196.3638888888889,53
2025-03-29,17.0125,14.4,14.4,1004.9,55.43055555555556,31.7,43.3,160.2,63
2025-03-30,17.5025,19.7,19.7,1004.5,50.56388888888889,31.5,43.0,136.5861111111111,63
2025-03-31,17.58083333333333,16.1,16.1,999.4,44.38888888888889,27.8,37.5,121.48888888888888,63
2025-04-01,17.390833333333333,13.7,13.7,999.8,41.71666666666667,27.2,36.3,138.9111111111111,63
2025-04-02,17.999166666666667,13.6,13.6,1000.7,35.34444444444444,29.2,40.2,134.90277777777777,65
2025-04-03,18.318611111111114,12.7,12.7,1004.4,43.28611111111111,23.0,30.7,118.70555555555555,63
2025-04-04,18.759999999999998,11.4,11.4,1001.1,60.01944444444444,24.9,33.4,132.23055555555555,63
2025-04-05,18.55166666666667,11.9,11.9,1005.2,47.75277777777777,24.9,33.2,147.37222222222223,63
2025-04-06,18.558333333333334,24.2,24.2,1005.1,36.53611111111111,23.5,30.9,150.95833333333334,63
2025-04-07,18.58083333333333,35.1,35.1,1006.8,46.94722222222222,23.0,29.9,131.84166666666667,63
2025-04-08,19.288055555555555,25.1,25.1,1006.6,55.988888888888894,20.0,26.4,111.43611111111112,63
2025-04-09,18.868055555555554,17.0,17.0,1006.6,56.13333333333333,23.2,32.3,142.35,63
2025-04-10,18.484166666666667,20.8,20.8,1005.1,44.21666666666667,27.2,36.5,158.88888888888889,63
2025-04-11,19.293333333333333,18.1,18.1,999.7,47.25,27.1,35.2,184.5638888888889,63
2025-04-12,19.053333333333335,16.5,16.5,999.0,59.98611111111111,26.3,40.4,212.8861111111111,63
2025-04-13,18.654999999999998,5.4,5.4,999.1,58.03888888888889,29.9,39.8,229.06944444444443,63
2025-04-14,18.930555555555554,14.9,14.9,995.7,52.31666666666667,38.4,51.5,215.89444444444447,63
2025-04-15,18.950833333333332,9.2,9.2,992.0,54.541666666666664,38.6,52.7,174.4611111111111,61
2025-04-16,19.0,12.8,12.8,997.2,49.59166666666667,29.9,43.9,191.475,63
2025-04-17,19.589722222222225,9.8,9.8,1004.1,60.02777777777778,26.9,38.3,171.925,61
2025-04-18,20.019444444444446,10.2,10.2,1002.4,62.58611111111111,26.5,37.5,198.69722222222222,61
2025-04-19,19.776944444444442,9.8,9.8,999.8,62.613888888888894,38.5,50.9,193.66944444444445,63
2025-04-20,19.238333333333333,4.8,4.8,1003.5,53.797222222222224,24.0,31.7,165.54722222222225,61
2025-04-21,20.02111111111111,35.7,35.7,1004.4,57.09166666666667,24.0,31.9,195.62777777777777,65
2025-04-22,20.203055555555558,14.6,14.6,1004.0,53.38055555555555,21.8,27.6,198.36111111111114,63
2025-04-23,20.03527777777778,14.1,14.1,1007.3,52.83888888888889,27.6,37.9,204.2888888888889,63
2025-04-24,19.725833333333334,19.2,19.2,1006.8,49.94444444444444,25.4,33.6,157.58055555555558,63
2025-04-25,19.189166666666665,13.7,13.7,1005.3,55.33611111111111,21.9,28.8,158.67777777777778,63
2025-04-26,19.505555555555553,5.4,5.4,1004.5,55.74444444444445,21.1,27.8,168.98333333333332,63
2025-04-27,19.885833333333334,4.4,4.4,1005.1,52.31944444444444,23.4,31.1,174.78333333333333,63
2025-04-28,20.11138888888889,8.4,8.4,1004.0,36.080555555555556,21.2,27.6,126.79444444444445,61
2025-04-29,20.573333333333334,6.6,6.6,1003.2,37.266666666666666,22.8,30.5,122.84444444444445,61
2025-04-30,21.12222222222222,11.1,11.1,1002.6,45.625,23.3,29.9,146.54722222222225,63
2025-05-01,21.238055555555555,5.1,5.1,1005.4,44.675,28.3,37.1,164.7527777777778,63
2025-05-02,21.311111111111114,4.6,4.6,1005.6,44.733333333333334,24.6,34.4,165.65833333333333,61
2025-05-03,20.384444444444444,12.7,12.7,1005.3,49.55555555555556,23.4,31.3,163.0388888888889,63
2025-05-04,19.80388888888889,12.5,12.5,1005.1,59.65833333333333,21.8,29.2,151.34166666666667,63
2025-05-05,19.84027777777778,3.8,3.8,1002.4,51.46666666666667,25.1,34.8,194.98611111111111,55
2025-05-06,20.216666666666665,11.3,11.3,1006.0,55.608333333333334,24.2,32.9,161.50277777777777,61
2025-05-07,20.34111111111111,20.0,20.0,1004.8,62.483333333333334,23.8,32.3,153.2611111111111,63
2025-05-08,20.790833333333335,26.6,26.6,1000.2,60.37222222222222,23.9,35.8,153.77222222222224,63
2025-05-09,21.268055555555556,12.7,12.7,1002.1,46.75,23.4,31.3,162.64444444444445,63
2025-05-10,21.349722222222223,10.3,10.3,1005.5,52.333333333333336,22.6,30.5,163.91944444444442,63
2025-05-11,21.64,15.4,15.4,1004.5,60.072222222222216,24.9,33.2,180.04722222222225,63
2025-05-12,21.721944444444443,8.2,8.2,1004.0,43.43888888888888,18.9,25.7,206.1972222222222,63
2025-05-13,21.843611111111112,0.4,0.4,1004.0,48.172222222222224,20.6,26.8,181.06666666666666,51
2025-05-14,21.670833333333334,13.5,13.5,1004.3,39.352777777777774,22.7,29.9,185.43055555555554,63
2025-05-15,21.32222222222222,19.6,19.6,1002.2,57.34444444444444,25.1,34.0,145.01944444444445,63
2025-05-16,21.587222222222223,17.9,17.9,1004.6,51.477777777777774,21.7,29.4,163.94166666666666,61
2025-05-17,22.033055555555556,33.6,33.6,1005.1,56.416666666666664,20.8,30.5,170.82222222222222,63
2025-05-18,21.24972222222222,42.1,42.1,1004.5,57.461111111111116,20.0,25.3,157.11666666666667,63
2025-05-19,21.800555555555555,23.3,23.3,1003.2,44.85,21.0,28.6,175.8361111111111,63
2025-05-20,22.215,21.7,21.7,1002.8,55.54722222222222,20.3,29.4,182.45555555555558,63
2025-05-21,21.9575,11.8,11.8,1002.9,57.05833333333333,19.9,27.2,203.88888888888889,63
2025-05-22,21.842222222222222,11.0,11.0,1002.3,56.33611111111111,22.2,30.3,195.00277777777777,63
2025-05-23,21.833333333333332,17.4,17.4,1000.4,62.43611111111111,26.7,36.3,214.24166666666667,63
2025-05-24,22.143888888888892,14.0,14.0,1000.5,71.58888888888889,26.0,34.8,198.11111111111111,65
2025-05-25,22.154444444444444,9.1,9.1,1001.2,59.275,25.9,34.8,197.60555555555555,61
2025-05-26,22.008055555555554,2.6,2.6,1001.9,51.56388888888889,26.5,35.2,193.89444444444445,53
2025-05-27,22.13472222222222,11.7,11.7,1002.1,64.83888888888889,31.0,42.2,190.67777777777778,63
2025-05-28,22.051666666666666,48.0,48.0,1003.4,56.00555555555556,27.7,38.7,186.9388888888889,65
2025-05-29,22.213055555555556,12.4,12.4,1004.5,58.75833333333333,27.9,36.5,182.11944444444444,63
2025-05-30,22.285833333333336,7.6,7.6,1004.1,64.975,26.4,34.4,187.13333333333333,61
2025-05-31,22.50222222222222,25.1,25.1,1003.8,63.95,23.2,30.5,178.3138888888889,63
2025-06-01,22.330277777777777,18.7,18.7,998.7,55.983333333333334,23.6,31.3,201.52777777777777,63
2025-06-02,22.19527777777778,26.7,26.7,998.3,48.083333333333336,23.4,30.9,228.29444444444445,65
2025-06-03,22.038333333333334,32.1,32.1,1003.1,53.99444444444444,24.7,35.8,210.70277777777775,65
2025-06-04,22.24027777777778,12.4,12.4,1003.8,42.6,21.4,27.8,205.48333333333332,63
2025-06-05,22.473055555555554,12.799999999999999,12.799999999999999,1000.8,61.37777777777777,21.3,29.4,195.725,65
2025-06-06,22.768055555555556,2.2,2.2,1003.7,45.113888888888894,24.6,32.3,214.73055555555555,53
2025-06-07,22.809444444444445,34.2,34.2,1004.1,50.75,24.6,32.7,206.62777777777777,63
2025-06-08,22.733055555555556,38.9,38.9,1003.2,48.475,23.9,30.9,201.54166666666666,63
2025-06-09,23.00861111111111,30.6,30.6,1002.8,57.102777777777774,24.5,32.7,189.58055555555558,65
2025-06-10,23.141111111111112,15.8,15.8,1001.3,63.12222222222222,25.7,35.6,180.36944444444444,63
2025-06-11,23.104444444444443,15.9,15.9,1000.6,54.66111111111111,26.7,36.0,165.3361111111111,63
2025-06-12,23.736666666666668,19.4,19.4,1002.0,58.197222222222216,27.7,36.7,168.0611111111111,65
2025-06-13,24.214722222222225,20.9,20.9,1001.7,58.625,24.3,31.9,188.76666666666668,65
2025-06-14,24.086111111111112,17.2,17.2,1000.8,56.25833333333333,27.0,38.3,221.2861111111111,63
2025-06-15,23.948611111111113,19.8,19.8,998.7,49.511111111111106,31.4,42.6,202.23611111111111,63
2025-06-16,24.172777777777778,6.0,6.0,1001.0,41.375,28.7,38.7,214.35555555555555,63
2025-06-17,24.195555555555554,8.8,8.8,1001.0,46.65555555555556,24.8,35.2,216.51388888888889,61
2025-06-18,24.65388888888889,4.4,4.4,1001.6,51.37777777777777,24.4,34.2,199.8,63
2025-06-19,24.805,7.7,7.7,1003.3,56.91388888888889,20.5,27.0,187.63055555555556,63
2025-06-20,25.160000000000004,1.7,1.7,1002.5,49.458333333333336,23.1,29.7,189.43055555555557,53
2025-06-21,25.436944444444446,16.1,16.1,1002.7,47.583333333333336,22.2,30.5,200.31666666666666,63
2025-06-22,24.51055555555556,49.199999999999996,49.199999999999996,1002.3,50.74722222222223,24.0,32.1,214.75555555555556,63
2025-06-23,24.13472222222222,9.5,9.5,1001.9,43.81111111111111,26.1,34.6,209.65555555555557,63
2025-06-24,24.204444444444444,5.199999999999999,5.199999999999999,1002.2,53.00555555555556,23.7,30.9,216.32777777777775,63
2025-06-25,24.696944444444444,2.5,2.5,1001.8,55.955555555555556,25.3,32.7,203.2388888888889,53
2025-06-26,25.191666666666666,7.4,7.4,1000.6,46.48611111111111,26.3,34.2,219.3111111111111,63
2025-06-27,25.154444444444444,14.700000000000001,14.700000000000001,1000.4,43.02777777777778,23.7,30.7,215.28055555555557,65
2025-06-28,25.561111111111114,10.200000000000001,10.200000000000001,1000.0,45.236111111111114,21.6,28.0,208.94166666666666,63
2025-06-29,25.71472222222222,4.0,4.0,999.3,42.36111111111111,21.6,28.6,196.65833333333333,61
2025-06-30,26.056388888888886,9.7,9.7,1000.6,36.016666666666666,23.7,31.9,162.96944444444443,63
2025-07-01,26.407777777777778,2.3,2.3,1001.4,39.28055555555556,21.9,29.5,189.58333333333334,53
2025-07-02,25.58277777777778,9.7,9.7,1001.7,46.84166666666667,26.4,35.6,186.01666666666668,63
2025-07-03,25.373611111111114,10.3,10.3,1002.1,34.65277777777778,29.6,39.8,177.67777777777778,63
2025-07-04,25.584722222222226,3.4,3.4,1001.9,47.01388888888889,26.9,37.5,204.12222222222223,53
2025-07-05,25.4975,16.0,16.0,998.1,45.93333333333333,30.5,43.5,207.97777777777776,63
2025-07-06,25.3725,70.1,70.1,995.9,50.44166666666667,32.7,45.9,221.25277777777777,65
2025-07-07,25.101944444444445,105.5,105.5,995.5,56.81666666666667,27.7,37.5,217.76666666666668,65
2025-07-08,25.025,93.8,93.8,990.3,39.93055555555555,43.1,56.4,226.7777777777778,65
2025-07-09,25.264166666666668,37.0,37.0,997.2,35.88055555555556,26.5,35.2,212.18333333333334,63
2025-07-10,25.397222222222222,39.0,39.0,997.0,42.141666666666666,23.6,30.9,205.4,63
2025-07-11,25.485555555555557,22.0,22.0,1000.0,44.166666666666664,24.3,33.2,185.10277777777776,63
2025-07-12,25.288333333333334,13.4,13.4,1003.4,45.575,23.1,30.3,194.01666666666668,63
2025-07-13,25.493888888888886,34.0,34.0,1001.2,41.74166666666667,24.8,32.1,199.53333333333333,65
2025-07-14,25.389166666666664,7.8999999999999995,7.8999999999999995,998.4,45.55,24.4,32.1,228.12222222222223,61
2025-07-15,25.49416666666667,3.3,3.3,997.9,55.233333333333334,27.2,36.0,219.98055555555555,61
2025-07-16,26.02305555555556,36.300000000000004,36.300000000000004,998.0,61.96944444444444,25.5,33.2,205.28055555555557,65
2025-07-17,25.763055555555557,18.6,18.6,1000.6,68.325,26.2,35.0,221.0111111111111,63
2025-07-18,25.641666666666666,13.8,13.8,991.6,63.75555555555556,25.9,33.8,220.55555555555557,65
2025-07-19,25.41111111111111,21.4,21.4,989.3,61.90833333333333,41.2,54.4,193.70833333333334,63
2025-07-20,25.258055555555554,29.4,29.4,995.7,54.47222222222222,27.8,39.8,208.28333333333333,63
2025-07-21,25.310833333333335,40.1,40.1,997.2,54.391666666666666,26.0,34.8,215.475,63
2025-07-22,25.337222222222223,12.6,12.6,1000.3,47.266666666666666,23.1,29.9,219.93333333333334,63
2025-07-23,25.364166666666666,7.6,7.6,1000.1,42.88888888888889,25.2,34.8,210.34722222222223,61
2025-07-24,25.521944444444443,3.9,3.9,997.6,47.71388888888889,26.5,34.8,190.68888888888887,61
2025-07-25,26.079444444444444,17.6,17.6,995.4,54.86944444444444,31.0,40.0,179.24166666666667,63
2025-07-26,25.815833333333334,8.7,8.7,997.4,46.83611111111111,27.1,36.2,201.95833333333334,63
2025-07-27,25.56833333333333,14.7,14.7,995.9,57.41111111111111,27.1,35.6,230.34166666666667,65
2025-07-28,25.486944444444443,42.0,42.0,994.6,44.51944444444444,27.3,36.0,220.78055555555557,65
2025-07-29,25.249444444444446,41.4,41.4,989.4,48.58611111111111,26.9,39.7,219.13888888888889,65
2025-07-30,25.28388888888889,60.800000000000004,60.800000000000004,981.1,48.55277777777778,25.7,42.4,221.75,65
2025-07-31,25.328611111111112,26.7,26.7,994.3,52.71388888888889,26.0,35.2,218.13888888888889,65
2025-08-01,25.104166666666668,10.4,10.4,997.6,49.48611111111111,23.8,30.9,213.85833333333332,63
2025-08-02,24.978055555555557,26.7,26.7,997.2,52.26944444444444,25.7,33.2,219.99444444444444,65
2025-08-03,25.159166666666668,27.5,27.5,997.7,54.17777777777778,25.5,33.8,218.4472222222222,63
2025-08-04,25.255,33.5,33.5,1001.5,51.797222222222224,27.3,36.3,212.86111111111111,63
2025-08-05,25.059166666666666,2.4,2.4,1001.0,44.03611111111111,27.6,37.3,224.4,61
2025-08-06,24.993333333333332,11.3,11.3,1000.0,51.75277777777777,26.6,35.8,218.525,63
2025-08-07,25.254166666666666,12.1,12.1,999.2,50.577777777777776,19.7,26.4,206.4527777777778,63
2025-08-08,25.3825,1.3,1.3,1001.3,55.26111111111111,17.5,22.9,184.97222222222223,53
2025-08-09,25.725277777777777,0.4,0.4,1001.4,42.51944444444444,24.0,31.5,185.85833333333332,51
2025-08-10,25.731388888888887,7.6,7.6,1001.6,35.886111111111106,25.1,33.4,179.52222222222224,63
2025-08-11,25.795277777777777,11.4,11.4,1001.4,43.55555555555556,21.2,27.8,184.93333333333334,63
2025-08-12,26.064166666666665,3.8000000000000003,3.8000000000000003,1003.0,46.53611111111111,23.8,33.8,176.0388888888889,63
2025-08-13,25.88555555555556,194.5,194.5,998.3,48.391666666666666,32.5,46.1,192.97777777777776,65
2025-08-14,25.94027777777778,8.0,8.0,1002.8,43.31388888888889,23.6,31.1,190.26666666666668,61
2025-08-15,26.07027777777778,2.4,2.4,1000.6,35.511111111111106,25.0,33.0,174.70833333333334,55
2025-08-16,25.745833333333334,2.9000000000000004,2.9000000000000004,1000.0,40.177777777777784,24.2,31.9,169.68333333333334,63
2025-08-17,25.487222222222222,9.8,9.8,999.9,47.59444444444444,23.3,30.9,174.59444444444443,63
2025-08-18,25.618055555555554,6.2,6.2,1000.9,58.96944444444444,22.6,29.4,183.38888888888889,63
2025-08-19,25.570555555555554,7.9,7.9,1003.2,55.19722222222222,22.6,29.7,181.58611111111114,63
2025-08-20,25.361666666666668,14.399999999999999,14.399999999999999,1003.5,49.477777777777774,23.6,30.5,197.77777777777777,65
2025-08-21,25.359722222222224,13.6,13.6,1004.7,35.84722222222222,20.7,27.8,189.98055555555555,63
2025-08-22,25.314166666666665,9.600000000000001,9.600000000000001,1002.4,33.88055555555555,20.2,27.0,203.2388888888889,63
2025-08-23,25.680555555555554,18.5,18.5,1003.2,46.541666666666664,19.3,31.7,179.54166666666666,65
2025-08-24,25.668888888888887,22.4,22.4,1005.5,46.44444444444444,26.2,34.6,191.675,65
2025-08-25,25.888333333333332,3.6000000000000005,3.6000000000000005,1005.3,35.19722222222222,18.6,24.1,199.36944444444444,63
2025-08-26,25.643888888888892,20.7,20.7,1006.0,44.58611111111111,21.8,31.7,209.38333333333333,65
2025-08-27,25.345555555555556,9.7,9.7,1003.6,52.044444444444444,24.5,34.0,211.78055555555557,63
2025-08-28,25.252777777777776,4.7,4.7,999.2,43.86944444444444,26.1,34.4,208.25555555555553,63
2025-08-29,25.218611111111112,19.5,19.5,993.4,47.05833333333333,27.7,37.3,220.28055555555557,63
2025-08-30,25.41111111111111,3.7,3.7,1000.5,38.56111111111111,26.2,35.8,230.725,55
2025-08-31,25.080833333333334,12.3,12.3,1002.3,47.50555555555556,25.4,34.0,216.2,63
2025-09-01,24.928055555555556,9.4,9.4,1002.0,48.95,24.7,32.3,217.57222222222222,63
2025-09-02,24.855277777777776,11.200000000000001,11.200000000000001,999.8,59.613888888888894,28.4,38.3,215.375,63
2025-09-03,25.285555555555558,25.6,25.6,994.1,50.56666666666667,34.8,47.6,211.7388888888889,63
2025-09-04,25.098055555555554,16.9,16.9,1001.9,33.39444444444444,28.6,37.9,213.89722222222224,65
2025-09-05,25.07888888888889,9.1,9.1,1002.3,33.96388888888889,19.7,25.1,188.9388888888889,63
2025-09-06,25.35111111111111,3.8,3.8,1003.1,55.56388888888889,27.4,36.9,178.68333333333334,63
2025-09-07,25.31277777777778,7.8,7.8,1003.3,53.416666666666664,24.7,37.5,192.38055555555556,63
2025-09-08,24.89611111111111,24.8,24.8,1002.5,54.11111111111111,20.2,27.8,225.4722222222222,63
2025-09-09,24.50111111111111,18.5,18.5,1003.6,58.4,25.7,33.8,221.09166666666667,65
2025-09-10,24.308611111111112,23.2,23.2,998.8,61.34166666666667,25.8,33.6,203.725,63
2025-09-11,24.326944444444447,5.7,5.7,1001.0,40.88611111111111,29.7,39.5,225.99444444444444,63
2025-09-12,24.40083333333333,11.4,11.4,1003.9,45.85,27.4,36.9,220.33055555555558,63
2025-09-13,24.346944444444443,26.8,26.8,1003.9,52.58888888888889,27.4,36.0,217.6888888888889,63
2025-09-14,24.50472222222222,20.1,20.1,1001.5,56.36944444444444,33.6,46.5,205.41388888888886,65
2025-09-15,24.633888888888887,16.3,16.3,1001.7,37.08888888888889,34.6,46.8,198.56944444444443,63
2025-09-16,24.480277777777776,21.400000000000002,21.400000000000002,1002.4,49.73611111111111,27.6,37.3,185.9722222222222,63
2025-09-17,24.468611111111112,20.2,20.2,1004.4,57.99444444444444,29.3,40.0,205.02222222222224,65
2025-09-18,24.655277777777776,50.4,50.4,1004.2,58.333333333333336,26.1,35.6,152.13888888888889,63
2025-09-19,24.678611111111113,66.0,66.0,1005.2,54.266666666666666,30.8,40.6,163.42777777777778,65
2025-09-20,24.09611111111111,19.9,19.9,1004.3,56.19166666666667,30.9,43.2,172.57222222222222,63
2025-09-21,23.489166666666666,6.0,6.0,1003.9,38.56944444444444,30.5,42.2,178.30277777777778,61
2025-09-22,23.571666666666665,18.1,18.1,997.7,43.59444444444444,35.3,46.7,145.225,65
2025-09-23,23.610555555555557,45.1,45.1,997.0,61.28888888888889,41.0,55.8,162.70277777777775,65
2025-09-24,23.857222222222223,7.0,7.0,1002.5,63.94444444444444,27.6,38.5,160.35555555555555,63
2025-09-25,24.026666666666664,2.3,2.3,1003.7,43.38333333333333,23.3,32.1,155.10833333333332,53
2025-09-26,23.77583333333333,7.2,7.2,1004.2,54.95,22.2,30.1,143.31944444444443,63
2025-09-27,23.672777777777778,27.299999999999997,27.299999999999997,1004.3,54.975,22.2,30.5,176.31666666666666,65
2025-09-28,23.684166666666666,7.6,7.6,1006.3,50.76388888888889,22.7,30.1,198.73611111111111,63
2025-09-29,23.60472222222222,3.3000000000000003,3.3000000000000003,1005.2,48.99722222222222,22.7,30.7,184.04166666666666,53
2025-09-30,23.46388888888889,22.4,22.4,1004.2,44.36666666666667,23.7,30.9,195.12222222222223,65
2025-10-01,23.52027777777778,5.7,5.7,1002.5,53.96111111111111,22.9,30.3,172.1861111111111,63
2025-10-02,24.016111111111112,2.4,2.4,1002.7,48.78055555555556,25.0,33.8,194.8361111111111,55
2025-10-03,24.002222222222223,12.4,12.4,996.6,54.39444444444444,33.9,46.1,210.42777777777778,61
2025-10-04,23.386666666666667,9.8,9.8,996.6,49.71666666666667,38.3,51.3,219.09722222222223,63
2025-10-05,23.38222222222222,8.8,8.8,1006.7,41.89444444444444,28.8,37.9,205.7277777777778,63
2025-10-06,23.699166666666667,6.8,6.8,1006.8,41.94444444444444,24.7,33.2,200.03055555555557,61
2025-10-07,23.460833333333333,10.0,10.0,1007.4,44.141666666666666,24.6,34.2,183.58333333333334,63
2025-10-08,23.05,16.5,16.5,1007.5,49.113888888888894,27.7,37.1,187.275,65
2025-10-09,22.969722222222224,2.7,2.7,1009.0,41.59166666666667,23.3,30.9,199.63333333333333,53
2025-10-10,23.19527777777778,2.2,2.2,1007.7,52.83611111111111,28.4,37.7,168.99166666666667,53
2025-10-11,23.13583333333333,19.7,19.7,1006.9,50.886111111111106,26.1,36.5,155.95555555555555,65
2025-10-12,23.086111111111112,9.299999999999999,9.299999999999999,1007.0,50.675,22.9,31.1,140.57777777777775,63
2025-10-13,23.16888888888889,6.1,6.1,1006.4,54.875,21.1,28.2,155.7888888888889,63
2025-10-14,22.79416666666667,9.9,9.9,1004.9,54.147222222222226,26.3,35.4,115.35277777777779,61
2025-10-15,22.893055555555556,10.4,10.4,1004.1,59.51944444444445,21.3,27.8,132.83055555555555,63
2025-10-16,22.78972222222222,3.6,3.6,1004.3,50.88333333333333,20.1,26.6,127.475,55
2025-10-17,22.748055555555553,15.0,15.0,1005.6,52.827777777777776,18.7,26.6,143.9138888888889,63
2025-10-18,22.276944444444446,9.5,9.5,1003.6,68.5,27.3,36.9,135.29722222222225,61
2025-10-19,22.09388888888889,46.6,46.6,994.9,72.68611111111112,33.9,45.9,145.5111111111111,65
2025-10-20,21.779444444444444,45.7,45.7,984.8,71.79444444444445,37.5,52.9,164.725,63
2025-10-21,21.78861111111111,40.1,40.1,988.6,63.858333333333334,37.4,52.5,168.77777777777777,63
2025-10-22,21.475833333333334,29.2,29.2,979.5,73.47222222222221,39.3,53.3,186.16666666666666,63
2025-10-23,21.39611111111111,25.9,25.9,972.1,60.81944444444444,37.0,53.3,222.80833333333334,63
2025-10-24,21.212222222222223,14.1,14.1,996.7,48.31111111111111,34.4,46.7,206.925,63
2025-10-25,21.258333333333333,16.4,16.4,996.4,50.18333333333333,29.1,40.8,206.67222222222225,63
2025-10-26,20.748333333333335,7.9,7.9,1002.5,55.78333333333333,30.7,42.4,201.37222222222223,61
2025-10-27,21.183611111111112,2.8000000000000003,2.8000000000000003,1001.7,55.919444444444444,29.2,41.2,174.22777777777776,61
2025-10-28,21.353055555555557,4.9,4.9,1005.8,59.66111111111111,30.6,41.8,172.12777777777777,63
2025-10-29,21.35361111111111,10.600000000000001,10.600000000000001,997.4,61.36666666666667,28.4,39.1,169.825,63
2025-10-30,21.01027777777778,11.1,11.1,1001.6,60.75277777777777,33.2,46.5,179.55555555555557,63
2025-10-31,21.64888888888889,12.799999999999999,12.799999999999999,999.7,60.672222222222224,29.3,43.0,189.36666666666667,63
2025-11-01,21.465555555555557,14.1,14.1,997.9,55.666666666666664,29.4,40.2,197.39444444444447,61
2025-11-02,20.83388888888889,10.2,10.2,1005.1,56.169444444444444,28.8,39.7,181.4888888888889,63
2025-11-03,20.904444444444444,8.2,8.2,1007.7,65.9388888888889,29.8,40.6,174.99722222222223,61
2025-11-04,21.331388888888892,22.8,22.8,1001.8,72.3,36.3,53.3,181.50277777777777,63
2025-11-05,21.658333333333335,15.0,15.0,998.1,65.26666666666667,36.5,52.7,163.6361111111111,63
2025-11-06,21.34611111111111,9.2,9.2,999.8,62.33888888888889,32.3,43.0,180.78333333333333,63
2025-11-07,21.16361111111111,9.9,9.9,1003.3,52.50555555555555,30.1,42.0,177.48611111111111,61
2025-11-08,21.029722222222222,13.3,13.3,1006.7,45.25555555555556,23.5,31.1,186.1611111111111,63
2025-11-09,20.462222222222223,5.2,5.2,1007.1,62.53333333333333,35.8,51.7,149.5638888888889,61
2025-11-10,20.47694444444444,32.7,32.7,1002.6,59.07222222222222,40.8,57.1,182.81666666666666,63
2025-11-11,20.464444444444446,89.9,89.9,998.6,64.8638888888889,45.0,67.1,179.31666666666666,65
2025-11-12,20.501388888888886,35.2,35.2,997.5,65.43055555555556,34.8,50.0,157.62222222222223,65
2025-11-13,20.545555555555556,23.6,23.6,993.2,54.37777777777777,32.3,42.6,153.2388888888889,63
2025-11-14,20.34611111111111,15.200000000000001,15.200000000000001,992.5,51.669444444444444,27.8,38.5,146.84444444444443,63
2025-11-15,20.272222222222222,8.7,8.7,995.6,49.733333333333334,31.7,43.2,159.25555555555553,63
2025-11-16,20.04222222222222,14.8,14.8,1000.7,63.51944444444445,23.0,30.3,136.7,63
2025-11-17,18.365833333333335,12.0,12.0,1007.1,54.00833333333333,31.2,44.1,154.27222222222224,63
2025-11-18,17.36111111111111,10.8,10.8,1005.8,56.827777777777776,37.1,51.1,185.0611111111111,63
2025-11-19,17.28361111111111,9.3,8.9,1002.5,56.31111111111111,32.4,47.8,199.95555555555558,73
2025-11-20,17.31138888888889,6.5,6.5,1007.1,45.675,27.1,36.7,200.7527777777778,71
2025-11-21,17.70111111111111,17.1,13.4,1007.0,44.25555555555556,28.9,39.8,159.27222222222224,75
2025-11-22,18.18472222222222,17.599999999999998,17.599999999999998,1006.8,61.88333333333333,33.5,47.4,161.63333333333333,63
2025-11-23,18.970277777777778,16.9,16.9,995.7,55.41388888888889,32.5,47.2,183.85,63
2025-11-24,18.552500000000002,23.9,23.9,990.0,58.71666666666667,30.5,44.7,217.03611111111113,63
2025-11-25,17.594444444444445,13.600000000000001,13.600000000000001,1000.0,48.15833333333333,29.9,40.8,219.09444444444443,63
2025-11-26,17.39,25.400000000000002,25.400000000000002,1005.4,49.15,31.4,45.3,187.73333333333332,63
2025-11-27,18.27388888888889,46.2,46.2,1006.7,63.669444444444444,29.3,44.5,166.06944444444446,65
2025-11-28,18.28861111111111,32.6,32.6,1007.7,65.29166666666667,26.4,36.3,182.13888888888889,63
2025-11-29,18.287222222222223,20.6,20.6,998.9,57.022222222222226,28.5,39.7,202.26666666666668,63
2025-11-30,17.930555555555554,11.200000000000001,11.200000000000001,1006.0,44.74166666666667,25.6,33.4,196.09444444444443,63
2025-12-01,18.56861111111111,18.2,18.2,996.6,58.452777777777776,37.4,52.9,150.59722222222223,63
2025-12-02,17.891944444444444,21.9,21.9,997.8,51.03888888888889,32.8,43.7,179.3388888888889,63
2025-12-03,17.0525,5.2,5.2,1003.2,49.81666666666667,30.5,42.6,159.22777777777776,61
2025-12-04,17.16888888888889,13.8,13.8,993.9,52.797222222222224,30.5,41.8,171.40555555555557,63
2025-12-05,17.621111111111112,12.0,12.0,993.4,55.40833333333333,38.8,54.0,159.43055555555557,63
2025-12-06,18.353055555555557,17.7,17.7,992.7,49.66111111111111,34.6,47.0,180.64166666666668,63
2025-12-07,18.796666666666667,13.600000000000001,13.600000000000001,996.9,52.06111111111111,32.7,43.9,183.4,63
2025-12-08,18.558055555555555,8.7,8.7,1006.0,55.669444444444444,39.1,54.0,137.6861111111111,63
2025-12-09,18.717222222222222,11.6,11.6,1001.7,64.13888888888889,43.6,59.7,126.79444444444445,63
2025-12-10,18.4975,6.2,6.2,1007.5,44.26388888888889,24.4,31.7,167.7861111111111,61
2025-12-11,18.120833333333334,17.4,17.4,1007.3,44.858333333333334,27.6,40.0,136.60555555555555,63
2025-12-12,17.936111111111114,13.3,13.3,1006.4,69.16944444444445,26.9,36.2,134.00555555555556,63
2025-12-13,17.123611111111114,43.1,43.1,1006.6,57.861111111111114,30.8,43.7,127.89722222222221,65
2025-12-14,16.87611111111111,42.0,42.0,1006.8,54.147222222222226,29.3,41.2,132.24166666666667,65
2025-12-15,17.429444444444446,25.7,25.7,1003.5,55.71666666666667,28.2,40.0,153.28055555555554,63
2025-12-16,17.467777777777776,66.5,66.5,1002.8,58.18055555555556,24.2,35.4,176.275,65
2025-12-17,17.1,23.599999999999998,23.599999999999998,1007.5,53.94444444444444,29.7,40.4,145.94722222222222,63
2025-12-18,18.10861111111111,23.6,23.6,999.1,62.733333333333334,38.2,53.8,132.7138888888889,65
2025-12-19,17.979166666666668,35.4,35.4,1006.3,59.37222222222223,22.9,31.9,187.8388888888889,65
2025-12-20,17.16361111111111,13.6,13.6,1004.1,62.66111111111112,30.2,43.3,153.20277777777775,63
2025-12-21,16.9,20.8,20.8,998.8,73.20833333333333,31.5,43.0,139.64166666666668,63
2025-12-22,17.266666666666666,8.1,8.1,998.4,64.77777777777777,29.7,39.8,151.6888888888889,61
2025-12-23,17.066111111111113,10.8,10.8,1005.7,60.172222222222224,25.7,35.4,162.95,61
2025-12-24,16.40888888888889,7.0,7.0,1005.4,56.916666666666664,33.1,45.3,124.82222222222222,61
2025-12-25,15.395833333333334,5.7,5.7,1005.2,46.09444444444444,37.0,52.3,151.83333333333334,61
2025-12-26,15.238055555555555,3.7,3.7,1006.3,56.375,29.7,39.8,129.4361111111111,61
2025-12-27,16.177777777777777,10.5,10.5,1007.7,45.69444444444444,25.5,34.4,102.87777777777778,61
2025-12-28,16.4175,16.3,16.3,1008.6,47.077777777777776,26.6,37.7,110.62777777777778,63
2025-12-29,16.614166666666666,7.2,7.2,1007.9,51.44722222222222,21.8,32.9,109.43055555555557,61
2025-12-30,16.365555555555556,7.2,7.2,1007.0,70.24722222222222,23.9,33.2,137.26944444444445,61
2025-12-31,15.36972222222222,38.4,38.4,1005.9,66.86944444444444,29.4,39.8,165.3638888888889,65
